"id","label","entity_type","openatlas_class","tradition","tradition_context","date","prg_number","alt_id","source_xml","description"
"PRG-001","Ad capillos tondendam.","ordo_text","E33 Linguistic Object","PRG","Romano-Germanic Pontifical tradition","10th century","I","(PRG n. I; Vogel-Elze, LE TEXTE I (NN. I-XCVIII); extracted from PDF p. 78)","CARo - Pontifical Romano-Germanique.XML","Ad capillos tondendam. (PRG-001)"
"PRG-002","Oratio ad puerum tonsurandum.","ordo_text","E33 Linguistic Object","PRG","Romano-Germanic Pontifical tradition","10th century","II","(PRG n. II; Vogel-Elze, LE TEXTE I (NN. I-XCVIII); extracted from PDF p. 79)","CARo - Pontifical Romano-Germanique.XML","Oratio ad puerum tonsurandum. (PRG-002)"
"PRG-003","Prefatio ad clericum faciendum.","ordo_text","E33 Linguistic Object","PRG","Romano-Germanic Pontifical tradition","10th century","III","(PRG n. III; Vogel-Elze, LE TEXTE I (NN. I-XCVIII); extracted from PDF p. 79)","CARo - Pontifical Romano-Germanique.XML","Prefatio ad clericum faciendum. (PRG-003)"
"PRG-004","Oratio ad barbam tondendam.","ordo_text","E33 Linguistic Object","PRG","Romano-Germanic Pontifical tradition","10th century","IV","(PRG n. IV; Vogel-Elze, LE TEXTE I (NN. I-XCVIII); extracted from PDF p. 81)","CARo - Pontifical Romano-Germanique.XML","Oratio ad barbam tondendam. (PRG-004)"
"PRG-005","Denuntiatio mensis primi, quarti, septimi et deeimi.","ordo_text","E33 Linguistic Object","PRG","Romano-Germanic Pontifical tradition","10th century","V","(PRG n. V; Vogel-Elze, LE TEXTE I (NN. I-XCVIII); extracted from PDF p. 82)","CARo - Pontifical Romano-Germanique.XML","Denuntiatio mensis primi, quarti, septimi et deeimi. (PRG-005)"
"PRG-006","Item invitatio plebis de ieiunio mensis primi, quarti, VII et X.","ordo_text","E33 Linguistic Object","PRG","Romano-Germanic Pontifical tradition","10th century","VI","(PRG n. VI; Vogel-Elze, LE TEXTE I (NN. I-XCVIII); extracted from PDF p. 82)","CARo - Pontifical Romano-Germanique.XML","Item invitatio plebis de ieiunio mensis primi, quarti, VII et X. (PRG-006)"
"PRG-007","De quatuor temporibus ieiuniorum, primi, quarti, septimi et","ordo_text","E33 Linguistic Object","PRG","Romano-Germanic Pontifical tradition","10th century","VII","(PRG n. VII; Vogel-Elze, LE TEXTE I (NN. I-XCVIII); extracted from PDF p. 83)","CARo - Pontifical Romano-Germanique.XML","De quatuor temporibus ieiuniorum, primi, quarti, septimi et (PRG-007)"
"PRG-008","Item de quattuor temporibus ieiuniorum quando fiunt duode","ordo_text","E33 Linguistic Object","PRG","Romano-Germanic Pontifical tradition","10th century","VIII","(PRG n. VIII; Vogel-Elze, LE TEXTE I (NN. I-XCVIII); extracted from PDF p. 84)","CARo - Pontifical Romano-Germanique.XML","Item de quattuor temporibus ieiuniorum quando fiunt duode (PRG-008)"
"PRG-009","Caput de canone Calcedonense.","ordo_text","E33 Linguistic Object","PRG","Romano-Germanic Pontifical tradition","10th century","IX","(PRG n. IX; Vogel-Elze, LE TEXTE I (NN. I-XCVIII); extracted from PDF p. 85)","CARo - Pontifical Romano-Germanique.XML","Caput de canone Calcedonense. (PRG-009)"
"PRG-010","Capitulum sancti Gregorii papae.","ordo_text","E33 Linguistic Object","PRG","Romano-Germanic Pontifical tradition","10th century","X","(PRG n. X; Vogel-Elze, LE TEXTE I (NN. I-XCVIII); extracted from PDF p. 85)","CARo - Pontifical Romano-Germanique.XML","Capitulum sancti Gregorii papae. (PRG-010)"
"PRG-011","Capitulum Zosimi papae l.","ordo_text","E33 Linguistic Object","PRG","Romano-Germanic Pontifical tradition","10th century","XI","(PRG n. XI; Vogel-Elze, LE TEXTE I (NN. I-XCVIII); extracted from PDF p. 85)","CARo - Pontifical Romano-Germanique.XML","Capitulum Zosimi papae l. (PRG-011)"
"PRG-012","Capitulum Leonis papae I.","ordo_text","E33 Linguistic Object","PRG","Romano-Germanic Pontifical tradition","10th century","XII","(PRG n. XII; Vogel-Elze, LE TEXTE I (NN. I-XCVIII); extracted from PDF p. 86)","CARo - Pontifical Romano-Germanique.XML","Capitulum Leonis papae I. (PRG-012)"
"PRG-013","Capitalum Clementis papae de oblationibus altaris [De","ordo_text","E33 Linguistic Object","PRG","Romano-Germanic Pontifical tradition","10th century","XIII","(PRG n. XIII; Vogel-Elze, LE TEXTE I (NN. I-XCVIII); extracted from PDF p. 87)","CARo - Pontifical Romano-Germanique.XML","Capitalum Clementis papae de oblationibus altaris [De (PRG-013)"
"PRG-014","De officiis VII graduum Ysidori capitula.","ordo_text","E33 Linguistic Object","PRG","Romano-Germanic Pontifical tradition","10th century","XIV","(PRG n. XIV; Vogel-Elze, LE TEXTE I (NN. I-XCVIII); extracted from PDF p. 87)","CARo - Pontifical Romano-Germanique.XML","De officiis VII graduum Ysidori capitula. (PRG-014)"
"PRG-015","Ordo qualiter in romana aecclesia sacri ordines fiunt [Ordi","ordo_text","E33 Linguistic Object","PRG","Romano-Germanic Pontifical tradition","10th century","XV","(PRG n. XV; Vogel-Elze, LE TEXTE I (NN. I-XCVIII); extracted from PDF p. 88)","CARo - Pontifical Romano-Germanique.XML","Ordo qualiter in romana aecclesia sacri ordines fiunt [Ordi (PRG-015)"
"PRG-016","[Ordo qualiter in romana ecclesia presbiteri, diaconi rei","ordo_text","E33 Linguistic Object","PRG","Romano-Germanic Pontifical tradition","10th century","XVI","(PRG n. XVI; Vogel-Elze, LE TEXTE I (NN. I-XCVIII); extracted from PDF p. 95)","CARo - Pontifical Romano-Germanique.XML","[Ordo qualiter in romana ecclesia presbiteri, diaconi rei (PRG-016)"
"PRG-017","Orationes. pro ipsis ad missam.","ordo_text","E33 Linguistic Object","PRG","Romano-Germanic Pontifical tradition","10th century","XVII","(PRG n. XVII; Vogel-Elze, LE TEXTE I (NN. I-XCVIII); extracted from PDF p. 111)","CARo - Pontifical Romano-Germanique.XML","Orationes. pro ipsis ad missam. (PRG-017)"
"PRG-018","Item missa in natali consecrationis diaconi.","ordo_text","E33 Linguistic Object","PRG","Romano-Germanic Pontifical tradition","10th century","XVIII","(PRG n. XVIII; Vogel-Elze, LE TEXTE I (NN. I-XCVIII); extracted from PDF p. 112)","CARo - Pontifical Romano-Germanique.XML","Item missa in natali consecrationis diaconi. (PRG-018)"
"PRG-019","Item in natali consecrationis presbiteri qualiter sibi missas","ordo_text","E33 Linguistic Object","PRG","Romano-Germanic Pontifical tradition","10th century","XIX","(PRG n. XIX; Vogel-Elze, LE TEXTE I (NN. I-XCVIII); extracted from PDF p. 113)","CARo - Pontifical Romano-Germanique.XML","Item in natali consecrationis presbiteri qualiter sibi missas (PRG-019)"
"PRG-020","Consecratio sacrae virginis quae in epiphania vel in alvis","ordo_text","E33 Linguistic Object","PRG","Romano-Germanic Pontifical tradition","10th century","XX","(PRG n. XX; Vogel-Elze, LE TEXTE I (NN. I-XCVIII); extracted from PDF p. 113)","CARo - Pontifical Romano-Germanique.XML","Consecratio sacrae virginis quae in epiphania vel in alvis (PRG-020)"
"PRG-021","Item* missa in natali virginum.","ordo_text","E33 Linguistic Object","PRG","Romano-Germanic Pontifical tradition","10th century","XXI","(PRG n. XXI; Vogel-Elze, LE TEXTE I (NN. I-XCVIII); extracted from PDF p. 122)","CARo - Pontifical Romano-Germanique.XML","Item* missa in natali virginum. (PRG-021)"
"PRG-022","Ordinatio abbatissae canonicam regulam profitentis.","ordo_text","E33 Linguistic Object","PRG","Romano-Germanic Pontifical tradition","10th century","XXII","(PRG n. XXII; Vogel-Elze, LE TEXTE I (NN. I-XCVIII); extracted from PDF p. 123)","CARo - Pontifical Romano-Germanique.XML","Ordinatio abbatissae canonicam regulam profitentis. (PRG-022)"
"PRG-023","Consecratio virginum quae a scculo conversae in domibus","ordo_text","E33 Linguistic Object","PRG","Romano-Germanic Pontifical tradition","10th century","XXIII","(PRG n. XXIII; Vogel-Elze, LE TEXTE I (NN. I-XCVIII); extracted from PDF p. 126)","CARo - Pontifical Romano-Germanique.XML","Consecratio virginum quae a scculo conversae in domibus (PRG-023)"
"PRG-024","Ad diaconam faciendam.","ordo_text","E33 Linguistic Object","PRG","Romano-Germanic Pontifical tradition","10th century","XXIV","(PRG n. XXIV; Vogel-Elze, LE TEXTE I (NN. I-XCVIII); extracted from PDF p. 129)","CARo - Pontifical Romano-Germanique.XML","Ad diaconam faciendam. (PRG-024)"
"PRG-026","Ordinatio abbatis.","ordo_text","E33 Linguistic Object","PRG","Romano-Germanic Pontifical tradition","10th century","XXVI","(PRG n. XXVI; Vogel-Elze, LE TEXTE I (NN. I-XCVIII); extracted from PDF p. 137)","CARo - Pontifical Romano-Germanique.XML","Ordinatio abbatis. (PRG-026)"
"PRG-027","Missa pro abbate.","ordo_text","E33 Linguistic Object","PRG","Romano-Germanic Pontifical tradition","10th century","XXVII","(PRG n. XXVII; Vogel-Elze, LE TEXTE I (NN. I-XCVIII); extracted from PDF p. 144)","CARo - Pontifical Romano-Germanique.XML","Missa pro abbate. (PRG-027)"
"PRG-028","Ordo ad faciendum monacham.","ordo_text","E33 Linguistic Object","PRG","Romano-Germanic Pontifical tradition","10th century","XXVIII","(PRG n. XXVIII; Vogel-Elze, LE TEXTE I (NN. I-XCVIII); extracted from PDF p. 145)","CARo - Pontifical Romano-Germanique.XML","Ordo ad faciendum monacham. (PRG-028)"
"PRG-029","Ordinatio monachi.","ordo_text","E33 Linguistic Object","PRG","Romano-Germanic Pontifical tradition","10th century","XXIX","(PRG n. XXIX; Vogel-Elze, LE TEXTE I (NN. I-XCVIII); extracted from PDF p. 147)","CARo - Pontifical Romano-Germanique.XML","Ordinatio monachi. (PRG-029)"
"PRG-030","Aliae orationes pro monachis.","ordo_text","E33 Linguistic Object","PRG","Romano-Germanic Pontifical tradition","10th century","XXX","(PRG n. XXX; Vogel-Elze, LE TEXTE I (NN. I-XCVIII); extracted from PDF p. 149)","CARo - Pontifical Romano-Germanique.XML","Aliae orationes pro monachis. (PRG-030)"
"PRG-031","Orationes et preces pro monachis ad missam.","ordo_text","E33 Linguistic Object","PRG","Romano-Germanic Pontifical tradition","10th century","XXXI","(PRG n. XXXI; Vogel-Elze, LE TEXTE I (NN. I-XCVIII); extracted from PDF p. 150)","CARo - Pontifical Romano-Germanique.XML","Orationes et preces pro monachis ad missam. (PRG-031)"
"PRG-033","Ordo romanus ad dedicandam ecclesiam.","ordo_text","E33 Linguistic Object","PRG","Romano-Germanic Pontifical tradition","10th century","XXXIII","(PRG n. XXXIII; Vogel-Elze, LE TEXTE I (NN. I-XCVIII); extracted from PDF p. 157)","CARo - Pontifical Romano-Germanique.XML","Ordo romanus ad dedicandam ecclesiam. (PRG-033)"
"PRG-034","Item benedictio basilicae novae.","ordo_text","E33 Linguistic Object","PRG","Romano-Germanic Pontifical tradition","10th century","XXXIV","(PRG n. XXXIV; Vogel-Elze, LE TEXTE I (NN. I-XCVIII); extracted from PDF p. 164)","CARo - Pontifical Romano-Germanique.XML","Item benedictio basilicae novae. (PRG-034)"
"PRG-035","Quid significent duodecim candelae.","ordo_text","E33 Linguistic Object","PRG","Romano-Germanic Pontifical tradition","10th century","XXXV","(PRG n. XXXV; Vogel-Elze, LE TEXTE I (NN. I-XCVIII); extracted from PDF p. 165)","CARo - Pontifical Romano-Germanique.XML","Quid significent duodecim candelae. (PRG-035)"
"PRG-036","Canon de aedificanda aecclesia.","ordo_text","E33 Linguistic Object","PRG","Romano-Germanic Pontifical tradition","10th century","XXXVI","(PRG n. XXXVI; Vogel-Elze, LE TEXTE I (NN. I-XCVIII); extracted from PDF p. 197)","CARo - Pontifical Romano-Germanique.XML","Canon de aedificanda aecclesia. (PRG-036)"
"PRG-037","De* oratorio. s","ordo_text","E33 Linguistic Object","PRG","Romano-Germanic Pontifical tradition","10th century","XXXVII","(PRG n. XXXVII; Vogel-Elze, LE TEXTE I (NN. I-XCVIII); extracted from PDF p. 198)","CARo - Pontifical Romano-Germanique.XML","De* oratorio. s (PRG-037)"
"PRG-038","Denuntiatio cum reliquiae sanctorum ponendae sunt in","ordo_text","E33 Linguistic Object","PRG","Romano-Germanic Pontifical tradition","10th century","XXXVIII","(PRG n. XXXVIII; Vogel-Elze, LE TEXTE I (NN. I-XCVIII); extracted from PDF p. 198)","CARo - Pontifical Romano-Germanique.XML","Denuntiatio cum reliquiae sanctorum ponendae sunt in (PRG-038)"
"PRG-039","[Preparatio episcopi ad divinam officium].","ordo_text","E33 Linguistic Object","PRG","Romano-Germanic Pontifical tradition","10th century","XXXIX","(PRG n. XXXIX; Vogel-Elze, LE TEXTE I (NN. I-XCVIII); extracted from PDF p. 199)","CARo - Pontifical Romano-Germanique.XML","[Preparatio episcopi ad divinam officium]. (PRG-039)"
"PRG-040","Ordo ad benedicendam ecclesiam.","ordo_text","E33 Linguistic Object","PRG","Romano-Germanic Pontifical tradition","10th century","XL","(PRG n. XL; Vogel-Elze, LE TEXTE I (NN. I-XCVIII); extracted from PDF p. 199)","CARo - Pontifical Romano-Germanique.XML","Ordo ad benedicendam ecclesiam. (PRG-040)"
"PRG-041","Orationes* ad missam in dedicatione.","ordo_text","E33 Linguistic Object","PRG","Romano-Germanic Pontifical tradition","10th century","XLI","(PRG n. XLI; Vogel-Elze, LE TEXTE I (NN. I-XCVIII); extracted from PDF p. 249)","CARo - Pontifical Romano-Germanique.XML","Orationes* ad missam in dedicatione. (PRG-041)"
"PRG-042","Item alia missa.","ordo_text","E33 Linguistic Object","PRG","Romano-Germanic Pontifical tradition","10th century","XLII","(PRG n. XLII; Vogel-Elze, LE TEXTE I (NN. I-XCVIII); extracted from PDF p. 250)","CARo - Pontifical Romano-Germanique.XML","Item alia missa. (PRG-042)"
"PRG-043","In dedicatione novae ecclesiae ad missam pro conditoribus.","ordo_text","E33 Linguistic Object","PRG","Romano-Germanic Pontifical tradition","10th century","XLIII","(PRG n. XLIII; Vogel-Elze, LE TEXTE I (NN. I-XCVIII); extracted from PDF p. 251)","CARo - Pontifical Romano-Germanique.XML","In dedicatione novae ecclesiae ad missam pro conditoribus. (PRG-043)"
"PRG-044","Missa in dedicatione basilice quam conditor non de","ordo_text","E33 Linguistic Object","PRG","Romano-Germanic Pontifical tradition","10th century","XLIV","(PRG n. XLIV; Vogel-Elze, LE TEXTE I (NN. I-XCVIII); extracted from PDF p. 252)","CARo - Pontifical Romano-Germanique.XML","Missa in dedicatione basilice quam conditor non de (PRG-044)"
"PRG-045","Missa pro dedicatione loci illius ubi prius fuerit synagoga.","ordo_text","E33 Linguistic Object","PRG","Romano-Germanic Pontifical tradition","10th century","XLV","(PRG n. XLV; Vogel-Elze, LE TEXTE I (NN. I-XCVIII); extracted from PDF p. 253)","CARo - Pontifical Romano-Germanique.XML","Missa pro dedicatione loci illius ubi prius fuerit synagoga. (PRG-045)"
"PRG-046","Missa in agenda conditoris ecclesiae.","ordo_text","E33 Linguistic Object","PRG","Romano-Germanic Pontifical tradition","10th century","XLVI","(PRG n. XLVI; Vogel-Elze, LE TEXTE I (NN. I-XCVIII); extracted from PDF p. 254)","CARo - Pontifical Romano-Germanique.XML","Missa in agenda conditoris ecclesiae. (PRG-046)"
"PRG-047","In dedicatione altaris.","ordo_text","E33 Linguistic Object","PRG","Romano-Germanic Pontifical tradition","10th century","XLVII","(PRG n. XLVII; Vogel-Elze, LE TEXTE I (NN. I-XCVIII); extracted from PDF p. 254)","CARo - Pontifical Romano-Germanique.XML","In dedicatione altaris. (PRG-047)"
"PRG-049","Missa in anniversario dedicationis ecclesiae.","ordo_text","E33 Linguistic Object","PRG","Romano-Germanic Pontifical tradition","10th century","XLIX","(PRG n. XLIX; Vogel-Elze, LE TEXTE I (NN. I-XCVIII); extracted from PDF p. 256)","CARo - Pontifical Romano-Germanique.XML","Missa in anniversario dedicationis ecclesiae. (PRG-049)"
"PRG-050","Reconciliatio. violate aecclesiae.","ordo_text","E33 Linguistic Object","PRG","Romano-Germanic Pontifical tradition","10th century","L","(PRG n. L; Vogel-Elze, LE TEXTE I (NN. I-XCVIII); extracted from PDF p. 257)","CARo - Pontifical Romano-Germanique.XML","Reconciliatio. violate aecclesiae. (PRG-050)"
"PRG-051","Ordo ad benedicendum aecclesiae signum. i»","ordo_text","E33 Linguistic Object","PRG","Romano-Germanic Pontifical tradition","10th century","LI","(PRG n. LI; Vogel-Elze, LE TEXTE I (NN. I-XCVIII); extracted from PDF p. 260)","CARo - Pontifical Romano-Germanique.XML","Ordo ad benedicendum aecclesiae signum. i» (PRG-051)"
"PRG-052","Ordo in dedicatione baptisterii.","ordo_text","E33 Linguistic Object","PRG","Romano-Germanic Pontifical tradition","10th century","LII","(PRG n. LII; Vogel-Elze, LE TEXTE I (NN. I-XCVIII); extracted from PDF p. 265)","CARo - Pontifical Romano-Germanique.XML","Ordo in dedicatione baptisterii. (PRG-052)"
"PRG-053","Missa in dedicatione baptisterii.","ordo_text","E33 Linguistic Object","PRG","Romano-Germanic Pontifical tradition","10th century","LIII","(PRG n. LIII; Vogel-Elze, LE TEXTE I (NN. I-XCVIII); extracted from PDF p. 266)","CARo - Pontifical Romano-Germanique.XML","Missa in dedicatione baptisterii. (PRG-053)"
"PRG-054","Consecratio cymiterii.","ordo_text","E33 Linguistic Object","PRG","Romano-Germanic Pontifical tradition","10th century","LIV","(PRG n. LIV; Vogel-Elze, LE TEXTE I (NN. I-XCVIII); extracted from PDF p. 267)","CARo - Pontifical Romano-Germanique.XML","Consecratio cymiterii. (PRG-054)"
"PRG-055","Consecratio loculi vel sepulcril.","ordo_text","E33 Linguistic Object","PRG","Romano-Germanic Pontifical tradition","10th century","LV","(PRG n. LV; Vogel-Elze, LE TEXTE I (NN. I-XCVIII); extracted from PDF p. 268)","CARo - Pontifical Romano-Germanique.XML","Consecratio loculi vel sepulcril. (PRG-055)"
"PRG-056","Decretum quod clerus * et populus firmare debet de electo","ordo_text","E33 Linguistic Object","PRG","Romano-Germanic Pontifical tradition","10th century","LVI","(PRG n. LVI; Vogel-Elze, LE TEXTE I (NN. I-XCVIII); extracted from PDF p. 269)","CARo - Pontifical Romano-Germanique.XML","Decretum quod clerus * et populus firmare debet de electo (PRG-056)"
"PRG-057","Item subscriptio episcoporum in electionem episcopi.","ordo_text","E33 Linguistic Object","PRG","Romano-Germanic Pontifical tradition","10th century","LVII","(PRG n. LVII; Vogel-Elze, LE TEXTE I (NN. I-XCVIII); extracted from PDF p. 270)","CARo - Pontifical Romano-Germanique.XML","Item subscriptio episcoporum in electionem episcopi. (PRG-057)"
"PRG-058","Ex concilio Africano IIII. Capitulum I.","ordo_text","E33 Linguistic Object","PRG","Romano-Germanic Pontifical tradition","10th century","LVIII","(PRG n. LVIII; Vogel-Elze, LE TEXTE I (NN. I-XCVIII); extracted from PDF p. 271)","CARo - Pontifical Romano-Germanique.XML","Ex concilio Africano IIII. Capitulum I. (PRG-058)"
"PRG-059","Epistola vocatoria.","ordo_text","E33 Linguistic Object","PRG","Romano-Germanic Pontifical tradition","10th century","LIX","(PRG n. LIX; Vogel-Elze, LE TEXTE I (NN. I-XCVIII); extracted from PDF p. 272)","CARo - Pontifical Romano-Germanique.XML","Epistola vocatoria. (PRG-059)"
"PRG-060","Qualiter episcopus debeat ordinari. Ex concilio Niceno, ca","ordo_text","E33 Linguistic Object","PRG","Romano-Germanic Pontifical tradition","10th century","LX","(PRG n. LX; Vogel-Elze, LE TEXTE I (NN. I-XCVIII); extracted from PDF p. 273)","CARo - Pontifical Romano-Germanique.XML","Qualiter episcopus debeat ordinari. Ex concilio Niceno, ca (PRG-060)"
"PRG-061","Qua die ordinetur episcopus.","ordo_text","E33 Linguistic Object","PRG","Romano-Germanic Pontifical tradition","10th century","LXI","(PRG n. LXI; Vogel-Elze, LE TEXTE I (NN. I-XCVIII); extracted from PDF p. 273)","CARo - Pontifical Romano-Germanique.XML","Qua die ordinetur episcopus. (PRG-061)"
"PRG-062","Ordinatio episcopi.","ordo_text","E33 Linguistic Object","PRG","Romano-Germanic Pontifical tradition","10th century","LXII","(PRG n. LXII; Vogel-Elze, LE TEXTE I (NN. I-XCVIII); extracted from PDF p. 274)","CARo - Pontifical Romano-Germanique.XML","Ordinatio episcopi. (PRG-062)"
"PRG-063","[Ordinatio episcopi].","ordo_text","E33 Linguistic Object","PRG","Romano-Germanic Pontifical tradition","10th century","LXIII","(PRG n. LXIII; Vogel-Elze, LE TEXTE I (NN. I-XCVIII); extracted from PDF p. 275)","CARo - Pontifical Romano-Germanique.XML","[Ordinatio episcopi]. (PRG-063)"
"PRG-064","Orationes istae dicendae sunt a domno papa super archiepi-","ordo_text","E33 Linguistic Object","PRG","Romano-Germanic Pontifical tradition","10th century","LXIV","(PRG n. LXIV; Vogel-Elze, LE TEXTE I (NN. I-XCVIII); extracted from PDF p. 304)","CARo - Pontifical Romano-Germanique.XML","Orationes istae dicendae sunt a domno papa super archiepi- (PRG-064)"
"PRG-065","Formata episcopo danda.","ordo_text","E33 Linguistic Object","PRG","Romano-Germanic Pontifical tradition","10th century","LXV","(PRG n. LXV; Vogel-Elze, LE TEXTE I (NN. I-XCVIII); extracted from PDF p. 305)","CARo - Pontifical Romano-Germanique.XML","Formata episcopo danda. (PRG-065)"
"PRG-066","Edictum quod dat pontifex episcopo cui benedicit.","ordo_text","E33 Linguistic Object","PRG","Romano-Germanic Pontifical tradition","10th century","LXVI","(PRG n. LXVI; Vogel-Elze, LE TEXTE I (NN. I-XCVIII); extracted from PDF p. 306)","CARo - Pontifical Romano-Germanique.XML","Edictum quod dat pontifex episcopo cui benedicit. (PRG-066)"
"PRG-067","Missa in ordinatione episcopi.","ordo_text","E33 Linguistic Object","PRG","Romano-Germanic Pontifical tradition","10th century","LXVII","(PRG n. LXVII; Vogel-Elze, LE TEXTE I (NN. I-XCVIII); extracted from PDF p. 315)","CARo - Pontifical Romano-Germanique.XML","Missa in ordinatione episcopi. (PRG-067)"
"PRG-068","Missa episcopi pro se in die ordinationis suae anniversario.","ordo_text","E33 Linguistic Object","PRG","Romano-Germanic Pontifical tradition","10th century","LXVIII","(PRG n. LXVIII; Vogel-Elze, LE TEXTE I (NN. I-XCVIII); extracted from PDF p. 317)","CARo - Pontifical Romano-Germanique.XML","Missa episcopi pro se in die ordinationis suae anniversario. (PRG-068)"
"PRG-069","In natalicio episcopi, si infirmus aut absens fuerit, qualiter","ordo_text","E33 Linguistic Object","PRG","Romano-Germanic Pontifical tradition","10th century","LXIX","(PRG n. LXIX; Vogel-Elze, LE TEXTE I (NN. I-XCVIII); extracted from PDF p. 318)","CARo - Pontifical Romano-Germanique.XML","In natalicio episcopi, si infirmus aut absens fuerit, qualiter (PRG-069)"
"PRG-070","Item alia missa in natalicio episcopi.","ordo_text","E33 Linguistic Object","PRG","Romano-Germanic Pontifical tradition","10th century","LXX","(PRG n. LXX; Vogel-Elze, LE TEXTE I (NN. I-XCVIII); extracted from PDF p. 319)","CARo - Pontifical Romano-Germanique.XML","Item alia missa in natalicio episcopi. (PRG-070)"
"PRG-071","Ordo qualiter ordinetur romanus pontifex (= Ordo XL B).","ordo_text","E33 Linguistic Object","PRG","Romano-Germanic Pontifical tradition","10th century","LXXI","(PRG n. LXXI; Vogel-Elze, LE TEXTE I (NN. I-XCVIII); extracted from PDF p. 320)","CARo - Pontifical Romano-Germanique.XML","Ordo qualiter ordinetur romanus pontifex (= Ordo XL B). (PRG-071)"
"PRG-072","Incipit ordo ad regem benedicendum quando novus a cle","ordo_text","E33 Linguistic Object","PRG","Romano-Germanic Pontifical tradition","10th century","LXXII","(PRG n. LXXII; Vogel-Elze, LE TEXTE I (NN. I-XCVIII); extracted from PDF p. 321)","CARo - Pontifical Romano-Germanique.XML","Incipit ordo ad regem benedicendum quando novus a cle (PRG-072)"
"PRG-073","Sequitur ordo missarum, si in feria evenerit, sed melius","ordo_text","E33 Linguistic Object","PRG","Romano-Germanic Pontifical tradition","10th century","LXXIII","(PRG n. LXXIII; Vogel-Elze, LE TEXTE I (NN. I-XCVIII); extracted from PDF p. 337)","CARo - Pontifical Romano-Germanique.XML","Sequitur ordo missarum, si in feria evenerit, sed melius (PRG-073)"
"PRG-074","Item alia missa pro rege.","ordo_text","E33 Linguistic Object","PRG","Romano-Germanic Pontifical tradition","10th century","LXXIV","(PRG n. LXXIV; Vogel-Elze, LE TEXTE I (NN. I-XCVIII); extracted from PDF p. 338)","CARo - Pontifical Romano-Germanique.XML","Item alia missa pro rege. (PRG-074)"
"PRG-075","Incipit ordo romanus ad benedicendum imperatorem quan","ordo_text","E33 Linguistic Object","PRG","Romano-Germanic Pontifical tradition","10th century","LXXV","(PRG n. LXXV; Vogel-Elze, LE TEXTE I (NN. I-XCVIII); extracted from PDF p. 338)","CARo - Pontifical Romano-Germanique.XML","Incipit ordo romanus ad benedicendum imperatorem quan (PRG-075)"
"PRG-076","Item benedictio ad ordinandum imperatorem secundum","ordo_text","E33 Linguistic Object","PRG","Romano-Germanic Pontifical tradition","10th century","LXXVI","(PRG n. LXXVI; Vogel-Elze, LE TEXTE I (NN. I-XCVIII); extracted from PDF p. 340)","CARo - Pontifical Romano-Germanique.XML","Item benedictio ad ordinandum imperatorem secundum (PRG-076)"
"PRG-077","Missa pro imperatore. (= Ordo XLVIII).","ordo_text","E33 Linguistic Object","PRG","Romano-Germanic Pontifical tradition","10th century","LXXVII","(PRG n. LXXVII; Vogel-Elze, LE TEXTE I (NN. I-XCVIII); extracted from PDF p. 341)","CARo - Pontifical Romano-Germanique.XML","Missa pro imperatore. (= Ordo XLVIII). (PRG-077)"
"PRG-078","Benedictio reginae.","ordo_text","E33 Linguistic Object","PRG","Romano-Germanic Pontifical tradition","10th century","LXXVIII","(PRG n. LXXVIII; Vogel-Elze, LE TEXTE I (NN. I-XCVIII); extracted from PDF p. 342)","CARo - Pontifical Romano-Germanique.XML","Benedictio reginae. (PRG-078)"
"PRG-079","Ordo romanus qualiter concilium agatur generale.","ordo_text","E33 Linguistic Object","PRG","Romano-Germanic Pontifical tradition","10th century","LXXIX","(PRG n. LXXIX; Vogel-Elze, LE TEXTE I (NN. I-XCVIII); extracted from PDF p. 344)","CARo - Pontifical Romano-Germanique.XML","Ordo romanus qualiter concilium agatur generale. (PRG-079)"
"PRG-080","Item ordo qualiter agatur concilium provinciale L","ordo_text","E33 Linguistic Object","PRG","Romano-Germanic Pontifical tradition","10th century","LXXX","(PRG n. LXXX; Vogel-Elze, LE TEXTE I (NN. I-XCVIII); extracted from PDF p. 350)","CARo - Pontifical Romano-Germanique.XML","Item ordo qualiter agatur concilium provinciale L (PRG-080)"
"PRG-081","Expositio octo vestium Aaron primi pontificis.","ordo_text","E33 Linguistic Object","PRG","Romano-Germanic Pontifical tradition","10th century","LXXXI","(PRG n. LXXXI; Vogel-Elze, LE TEXTE I (NN. I-XCVIII); extracted from PDF p. 367)","CARo - Pontifical Romano-Germanique.XML","Expositio octo vestium Aaron primi pontificis. (PRG-081)"
"PRG-082","Incipit sermo de eadem re tempore synodi ad episcopos.","ordo_text","E33 Linguistic Object","PRG","Romano-Germanic Pontifical tradition","10th century","LXXXII","(PRG n. LXXXII; Vogel-Elze, LE TEXTE I (NN. I-XCVIII); extracted from PDF p. 375)","CARo - Pontifical Romano-Germanique.XML","Incipit sermo de eadem re tempore synodi ad episcopos. (PRG-082)"
"PRG-083","Alius sermo.","ordo_text","E33 Linguistic Object","PRG","Romano-Germanic Pontifical tradition","10th century","LXXXIII","(PRG n. LXXXIII; Vogel-Elze, LE TEXTE I (NN. I-XCVIII); extracted from PDF p. 378)","CARo - Pontifical Romano-Germanique.XML","Alius sermo. (PRG-083)"
"PRG-084","Sermo * tertius.","ordo_text","E33 Linguistic Object","PRG","Romano-Germanic Pontifical tradition","10th century","LXXXIV","(PRG n. LXXXIV; Vogel-Elze, LE TEXTE I (NN. I-XCVIII); extracted from PDF p. 382)","CARo - Pontifical Romano-Germanique.XML","Sermo * tertius. (PRG-084)"
"PRG-085","Qualiter episcopus excommunicare infideles debeat.","ordo_text","E33 Linguistic Object","PRG","Romano-Germanic Pontifical tradition","10th century","LXXXV","(PRG n. LXXXV; Vogel-Elze, LE TEXTE I (NN. I-XCVIII); extracted from PDF p. 383)","CARo - Pontifical Romano-Germanique.XML","Qualiter episcopus excommunicare infideles debeat. (PRG-085)"
"PRG-086","Item alia excommunicationis allocutio.","ordo_text","E33 Linguistic Object","PRG","Romano-Germanic Pontifical tradition","10th century","LXXXVI","(PRG n. LXXXVI; Vogel-Elze, LE TEXTE I (NN. I-XCVIII); extracted from PDF p. 386)","CARo - Pontifical Romano-Germanique.XML","Item alia excommunicationis allocutio. (PRG-086)"
"PRG-087","Item * alia excommunicatio.","ordo_text","E33 Linguistic Object","PRG","Romano-Germanic Pontifical tradition","10th century","LXXXVII","(PRG n. LXXXVII; Vogel-Elze, LE TEXTE I (NN. I-XCVIII); extracted from PDF p. 388)","CARo - Pontifical Romano-Germanique.XML","Item * alia excommunicatio. (PRG-087)"
"PRG-089","Excommunicatio brevis.","ordo_text","E33 Linguistic Object","PRG","Romano-Germanic Pontifical tradition","10th century","LXXXIX","(PRG n. LXXXIX; Vogel-Elze, LE TEXTE I (NN. I-XCVIII); extracted from PDF p. 389)","CARo - Pontifical Romano-Germanique.XML","Excommunicatio brevis. (PRG-089)"
"PRG-091","Qualiter episcopus reconciliet vel recipiat excommunicatum. is","ordo_text","E33 Linguistic Object","PRG","Romano-Germanic Pontifical tradition","10th century","XCI","(PRG n. XCI; Vogel-Elze, LE TEXTE I (NN. I-XCVIII); extracted from PDF p. 392)","CARo - Pontifical Romano-Germanique.XML","Qualiter episcopus reconciliet vel recipiat excommunicatum. is (PRG-091)"
"PRG-092","Ordo processionis ad ecclesiam sive missam secundum","ordo_text","E33 Linguistic Object","PRG","Romano-Germanic Pontifical tradition","10th century","XCII","(PRG n. XCII; Vogel-Elze, LE TEXTE I (NN. I-XCVIII); extracted from PDF p. 396)","CARo - Pontifical Romano-Germanique.XML","Ordo processionis ad ecclesiam sive missam secundum (PRG-092)"
"PRG-093","Ordo * missae a sancto Petro institutus cum expositione","ordo_text","E33 Linguistic Object","PRG","Romano-Germanic Pontifical tradition","10th century","XCIII","(PRG n. XCIII; Vogel-Elze, LE TEXTE I (NN. I-XCVIII); extracted from PDF p. 404)","CARo - Pontifical Romano-Germanique.XML","Ordo * missae a sancto Petro institutus cum expositione (PRG-093)"
"PRG-094","Incipit expositio totius missae ex concordia scripturarum","ordo_text","E33 Linguistic Object","PRG","Romano-Germanic Pontifical tradition","10th century","XCIV","(PRG n. XCIV; Vogel-Elze, LE TEXTE I (NN. I-XCVIII); extracted from PDF p. 405)","CARo - Pontifical Romano-Germanique.XML","Incipit expositio totius missae ex concordia scripturarum (PRG-094)"
"PRG-095","Item alia expositio totius missae ex concordia divina","ordo_text","E33 Linguistic Object","PRG","Romano-Germanic Pontifical tradition","10th century","XCV","(PRG n. XCV; Vogel-Elze, LE TEXTE I (NN. I-XCVIII); extracted from PDF p. 418)","CARo - Pontifical Romano-Germanique.XML","Item alia expositio totius missae ex concordia divina (PRG-095)"
"PRG-097","Hic incipit qualiter quaedam orationes et cruces in Te igitur","ordo_text","E33 Linguistic Object","PRG","Romano-Germanic Pontifical tradition","10th century","XCVII","(PRG n. XCVII; Vogel-Elze, LE TEXTE I (NN. I-XCVIII); extracted from PDF p. 423)","CARo - Pontifical Romano-Germanique.XML","Hic incipit qualiter quaedam orationes et cruces in Te igitur (PRG-097)"
"PRG-098","Ordo processionis, si quando episcopus festivis diebus","ordo_text","E33 Linguistic Object","PRG","Romano-Germanic Pontifical tradition","10th century","XCVIII","(PRG n. XCVIII; Vogel-Elze, LE TEXTE I (NN. I-XCVIII); extracted from PDF p. 425)","CARo - Pontifical Romano-Germanique.XML","Ordo processionis, si quando episcopus festivis diebus (PRG-098)"
"PRG-099","In Christi nomine incipit ordo catholicorum librorum qui","ordo_text","E33 Linguistic Object","PRG","Romano-Germanic Pontifical tradition","10th century","XCIX","(PRG n. XCIX; Vogel-Elze, LE TEXTE II (NN. XCIX-CCLVIII); extracted from PDF p. 453)","CARo - Pontifical Romano-Germanique.XML","In Christi nomine incipit ordo catholicorum librorum qui (PRG-099)"
"PRG-100","Hec sunt quae a romana sede accepi.","ordo_text","E33 Linguistic Object","PRG","Romano-Germanic Pontifical tradition","10th century","C","(PRG n. C; Vogel-Elze, LE TEXTE II (NN. XCIX-CCLVIII); extracted from PDF p. 593)","CARo - Pontifical Romano-Germanique.XML","Hec sunt quae a romana sede accepi. (PRG-100)"
"PRG-101","[Ordo de quadragesima.] (= Ordo XXII -).","ordo_text","E33 Linguistic Object","PRG","Romano-Germanic Pontifical tradition","10th century","CI","(PRG n. CI; Vogel-Elze, LE TEXTE II (NN. XCIX-CCLVIII); extracted from PDF p. 593)","CARo - Pontifical Romano-Germanique.XML","[Ordo de quadragesima.] (= Ordo XXII -). (PRG-101)"
"PRG-102","[Fragmentum supplementi secundi ad Ordinem I missae","ordo_text","E33 Linguistic Object","PRG","Romano-Germanic Pontifical tradition","10th century","CII","(PRG n. CII; Vogel-Elze, LE TEXTE II (NN. XCIX-CCLVIII); extracted from PDF p. 595)","CARo - Pontifical Romano-Germanique.XML","[Fragmentum supplementi secundi ad Ordinem I missae (PRG-102)"
"PRG-104","De gradibus romanac ecclesiae. ( = Ordo XXXVI).","ordo_text","E33 Linguistic Object","PRG","Romano-Germanic Pontifical tradition","10th century","CIV","(PRG n. CIV; Vogel-Elze, LE TEXTE II (NN. XCIX-CCLVIII); extracted from PDF p. 600)","CARo - Pontifical Romano-Germanique.XML","De gradibus romanac ecclesiae. ( = Ordo XXXVI). (PRG-104)"
"PRG-106","Benedictio aquae ad reconciliandos penitentes in cena","ordo_text","E33 Linguistic Object","PRG","Romano-Germanic Pontifical tradition","10th century","CVI","(PRG n. CVI; Vogel-Elze, LE TEXTE II (NN. XCIX-CCLVIII); extracted from PDF p. 606)","CARo - Pontifical Romano-Germanique.XML","Benedictio aquae ad reconciliandos penitentes in cena (PRG-106)"
"PRG-107","E x authentico libro sacramentorum sancti Gregorii","ordo_text","E33 Linguistic Object","PRG","Romano-Germanic Pontifical tradition","10th century","CVII","(PRG n. CVII; Vogel-Elze, LE TEXTE II (NN. XCIX-CCLVIII); extracted from PDF p. 607)","CARo - Pontifical Romano-Germanique.XML","E x authentico libro sacramentorum sancti Gregorii (PRG-107)"
"PRG-108","Item benedictio aquae ad albas deponendas.","ordo_text","E33 Linguistic Object","PRG","Romano-Germanic Pontifical tradition","10th century","CVIII","(PRG n. CVIII; Vogel-Elze, LE TEXTE II (NN. XCIX-CCLVIII); extracted from PDF p. 616)","CARo - Pontifical Romano-Germanique.XML","Item benedictio aquae ad albas deponendas. (PRG-108)"
"PRG-109","Ordo ad baptizandum infirmum.","ordo_text","E33 Linguistic Object","PRG","Romano-Germanic Pontifical tradition","10th century","CIX","(PRG n. CIX; Vogel-Elze, LE TEXTE II (NN. XCIX-CCLVIII); extracted from PDF p. 617)","CARo - Pontifical Romano-Germanique.XML","Ordo ad baptizandum infirmum. (PRG-109)"
"PRG-110","Ordo ad catecuminum ex pagano faciendum.","ordo_text","E33 Linguistic Object","PRG","Romano-Germanic Pontifical tradition","10th century","CX","(PRG n. CX; Vogel-Elze, LE TEXTE II (NN. XCIX-CCLVIII); extracted from PDF p. 619)","CARo - Pontifical Romano-Germanique.XML","Ordo ad catecuminum ex pagano faciendum. (PRG-110)"
"PRG-111","De verbis grecis baptisterii, quomodo vertantur in latinum.","ordo_text","E33 Linguistic Object","PRG","Romano-Germanic Pontifical tradition","10th century","CXI","(PRG n. CXI; Vogel-Elze, LE TEXTE II (NN. XCIX-CCLVIII); extracted from PDF p. 624)","CARo - Pontifical Romano-Germanique.XML","De verbis grecis baptisterii, quomodo vertantur in latinum. (PRG-111)"
"PRG-112","Sancti Athanasii Alexandrini episcopi expositio fidei","ordo_text","E33 Linguistic Object","PRG","Romano-Germanic Pontifical tradition","10th century","CXII","(PRG n. CXII; Vogel-Elze, LE TEXTE II (NN. XCIX-CCLVIII); extracted from PDF p. 628)","CARo - Pontifical Romano-Germanique.XML","Sancti Athanasii Alexandrini episcopi expositio fidei (PRG-112)"
"PRG-113","Incipit simbolum apostolorum.","ordo_text","E33 Linguistic Object","PRG","Romano-Germanic Pontifical tradition","10th century","CXIII","(PRG n. CXIII; Vogel-Elze, LE TEXTE II (NN. XCIX-CCLVIII); extracted from PDF p. 637)","CARo - Pontifical Romano-Germanique.XML","Incipit simbolum apostolorum. (PRG-113)"
"PRG-114","Impositio manuum super energuminum catezizatum.","ordo_text","E33 Linguistic Object","PRG","Romano-Germanic Pontifical tradition","10th century","CXIV","(PRG n. CXIV; Vogel-Elze, LE TEXTE II (NN. XCIX-CCLVIII); extracted from PDF p. 642)","CARo - Pontifical Romano-Germanique.XML","Impositio manuum super energuminum catezizatum. (PRG-114)"
"PRG-115","Ad succurrendum his qui a demonio vexantur.","ordo_text","E33 Linguistic Object","PRG","Romano-Germanic Pontifical tradition","10th century","CXV","(PRG n. CXV; Vogel-Elze, LE TEXTE II (NN. XCIX-CCLVIII); extracted from PDF p. 645)","CARo - Pontifical Romano-Germanique.XML","Ad succurrendum his qui a demonio vexantur. (PRG-115)"
"PRG-116","Item orationes et exorcismi super eum qui a demonio","ordo_text","E33 Linguistic Object","PRG","Romano-Germanic Pontifical tradition","10th century","CXVI","(PRG n. CXVI; Vogel-Elze, LE TEXTE II (NN. XCIX-CCLVIII); extracted from PDF p. 657)","CARo - Pontifical Romano-Germanique.XML","Item orationes et exorcismi super eum qui a demonio (PRG-116)"
"PRG-117","Item * exorcismus unde supra.","ordo_text","E33 Linguistic Object","PRG","Romano-Germanic Pontifical tradition","10th century","CXVII","(PRG n. CXVII; Vogel-Elze, LE TEXTE II (NN. XCIX-CCLVIII); extracted from PDF p. 661)","CARo - Pontifical Romano-Germanique.XML","Item * exorcismus unde supra. (PRG-117)"
"PRG-118","Exorcismus sancti Ambrosii.","ordo_text","E33 Linguistic Object","PRG","Romano-Germanic Pontifical tradition","10th century","CXVIII","(PRG n. CXVIII; Vogel-Elze, LE TEXTE II (NN. XCIX-CCLVIII); extracted from PDF p. 663)","CARo - Pontifical Romano-Germanique.XML","Exorcismus sancti Ambrosii. (PRG-118)"
"PRG-119","Exorcismus sancti Martini episcopi super eos qui a de-","ordo_text","E33 Linguistic Object","PRG","Romano-Germanic Pontifical tradition","10th century","CXIX","(PRG n. CXIX; Vogel-Elze, LE TEXTE II (NN. XCIX-CCLVIII); extracted from PDF p. 669)","CARo - Pontifical Romano-Germanique.XML","Exorcismus sancti Martini episcopi super eos qui a de- (PRG-119)"
"PRG-120","De ieiunio daemoniacis imponendo.","ordo_text","E33 Linguistic Object","PRG","Romano-Germanic Pontifical tradition","10th century","CXX","(PRG n. CXX; Vogel-Elze, LE TEXTE II (NN. XCIX-CCLVIII); extracted from PDF p. 672)","CARo - Pontifical Romano-Germanique.XML","De ieiunio daemoniacis imponendo. (PRG-120)"
"PRG-121","Missa super daemoniacum.","ordo_text","E33 Linguistic Object","PRG","Romano-Germanic Pontifical tradition","10th century","CXXI","(PRG n. CXXI; Vogel-Elze, LE TEXTE II (NN. XCIX-CCLVIII); extracted from PDF p. 673)","CARo - Pontifical Romano-Germanique.XML","Missa super daemoniacum. (PRG-121)"
"PRG-122","Item alia missa.","ordo_text","E33 Linguistic Object","PRG","Romano-Germanic Pontifical tradition","10th century","CXXII","(PRG n. CXXII; Vogel-Elze, LE TEXTE II (NN. XCIX-CCLVIII); extracted from PDF p. 674)","CARo - Pontifical Romano-Germanique.XML","Item alia missa. (PRG-122)"
"PRG-123","Oratio super liberatum a demonio.","ordo_text","E33 Linguistic Object","PRG","Romano-Germanic Pontifical tradition","10th century","CXXIII","(PRG n. CXXIII; Vogel-Elze, LE TEXTE II (NN. XCIX-CCLVIII); extracted from PDF p. 674)","CARo - Pontifical Romano-Germanique.XML","Oratio super liberatum a demonio. (PRG-123)"
"PRG-124","Reconciliatio rebaptizati ab hereticis.","ordo_text","E33 Linguistic Object","PRG","Romano-Germanic Pontifical tradition","10th century","CXXIV","(PRG n. CXXIV; Vogel-Elze, LE TEXTE II (NN. XCIX-CCLVIII); extracted from PDF p. 676)","CARo - Pontifical Romano-Germanique.XML","Reconciliatio rebaptizati ab hereticis. (PRG-124)"
"PRG-125","Oratio super eos qui morticinum comederunt.","ordo_text","E33 Linguistic Object","PRG","Romano-Germanic Pontifical tradition","10th century","CXXV","(PRG n. CXXV; Vogel-Elze, LE TEXTE II (NN. XCIX-CCLVIII); extracted from PDF p. 677)","CARo - Pontifical Romano-Germanique.XML","Oratio super eos qui morticinum comederunt. (PRG-125)"
"PRG-126","Benedictio cum impositione manuum super eos qui de","ordo_text","E33 Linguistic Object","PRG","Romano-Germanic Pontifical tradition","10th century","CXXVI","(PRG n. CXXVI; Vogel-Elze, LE TEXTE II (NN. XCIX-CCLVIII); extracted from PDF p. 678)","CARo - Pontifical Romano-Germanique.XML","Benedictio cum impositione manuum super eos qui de (PRG-126)"
"PRG-127","Reconciliatio cum impositione manuum redeuntis","ordo_text","E33 Linguistic Object","PRG","Romano-Germanic Pontifical tradition","10th century","CXXVII","(PRG n. CXXVII; Vogel-Elze, LE TEXTE II (NN. XCIX-CCLVIII); extracted from PDF p. 678)","CARo - Pontifical Romano-Germanique.XML","Reconciliatio cum impositione manuum redeuntis (PRG-127)"
"PRG-128","Pro fratribus in viam dirigendis.","ordo_text","E33 Linguistic Object","PRG","Romano-Germanic Pontifical tradition","10th century","CXXVIII","(PRG n. CXXVIII; Vogel-Elze, LE TEXTE II (NN. XCIX-CCLVIII); extracted from PDF p. 679)","CARo - Pontifical Romano-Germanique.XML","Pro fratribus in viam dirigendis. (PRG-128)"
"PRG-129","Item benedictiones pro iter acturis.","ordo_text","E33 Linguistic Object","PRG","Romano-Germanic Pontifical tradition","10th century","CXXIX","(PRG n. CXXIX; Vogel-Elze, LE TEXTE II (NN. XCIX-CCLVIII); extracted from PDF p. 680)","CARo - Pontifical Romano-Germanique.XML","Item benedictiones pro iter acturis. (PRG-129)"
"PRG-130","Pro redeuntibus de itinere.","ordo_text","E33 Linguistic Object","PRG","Romano-Germanic Pontifical tradition","10th century","CXXX","(PRG n. CXXX; Vogel-Elze, LE TEXTE II (NN. XCIX-CCLVIII); extracted from PDF p. 681)","CARo - Pontifical Romano-Germanique.XML","Pro redeuntibus de itinere. (PRG-130)"
"PRG-131","Pro supervenientibus fratribus.","ordo_text","E33 Linguistic Object","PRG","Romano-Germanic Pontifical tradition","10th century","CXXXI","(PRG n. CXXXI; Vogel-Elze, LE TEXTE II (NN. XCIX-CCLVIII); extracted from PDF p. 682)","CARo - Pontifical Romano-Germanique.XML","Pro supervenientibus fratribus. (PRG-131)"
"PRG-132","Pro salute unius vivi.","ordo_text","E33 Linguistic Object","PRG","Romano-Germanic Pontifical tradition","10th century","CXXXII","(PRG n. CXXXII; Vogel-Elze, LE TEXTE II (NN. XCIX-CCLVIII); extracted from PDF p. 682)","CARo - Pontifical Romano-Germanique.XML","Pro salute unius vivi. (PRG-132)"
"PRG-133","Pro una femina.","ordo_text","E33 Linguistic Object","PRG","Romano-Germanic Pontifical tradition","10th century","CXXXIII","(PRG n. CXXXIII; Vogel-Elze, LE TEXTE II (NN. XCIX-CCLVIII); extracted from PDF p. 683)","CARo - Pontifical Romano-Germanique.XML","Pro una femina. (PRG-133)"
"PRG-135","Pro infirmo.","ordo_text","E33 Linguistic Object","PRG","Romano-Germanic Pontifical tradition","10th century","CXXXV","(PRG n. CXXXV; Vogel-Elze, LE TEXTE II (NN. XCIX-CCLVIII); extracted from PDF p. 684)","CARo - Pontifical Romano-Germanique.XML","Pro infirmo. (PRG-135)"
"PRG-136","Qualiter sacerdotes suscipere debeant poenitentes","ordo_text","E33 Linguistic Object","PRG","Romano-Germanic Pontifical tradition","10th century","CXXXVI","(PRG n. CXXXVI; Vogel-Elze, LE TEXTE II (NN. XCIX-CCLVIII); extracted from PDF p. 686)","CARo - Pontifical Romano-Germanique.XML","Qualiter sacerdotes suscipere debeant poenitentes (PRG-136)"
"PRG-137","Missa post confessionem.","ordo_text","E33 Linguistic Object","PRG","Romano-Germanic Pontifical tradition","10th century","CXXXVII","(PRG n. CXXXVII; Vogel-Elze, LE TEXTE II (NN. XCIX-CCLVIII); extracted from PDF p. 697)","CARo - Pontifical Romano-Germanique.XML","Missa post confessionem. (PRG-137)"
"PRG-138","Missa pro infirmo de cuius salute desperatur.","ordo_text","E33 Linguistic Object","PRG","Romano-Germanic Pontifical tradition","10th century","CXXXVIII","(PRG n. CXXXVIII; Vogel-Elze, LE TEXTE II (NN. XCIX-CCLVIII); extracted from PDF p. 697)","CARo - Pontifical Romano-Germanique.XML","Missa pro infirmo de cuius salute desperatur. (PRG-138)"
"PRG-139","Ordo ad visitandum et unguendum infirmum.","ordo_text","E33 Linguistic Object","PRG","Romano-Germanic Pontifical tradition","10th century","CXXXIX","(PRG n. CXXXIX; Vogel-Elze, LE TEXTE II (NN. XCIX-CCLVIII); extracted from PDF p. 698)","CARo - Pontifical Romano-Germanique.XML","Ordo ad visitandum et unguendum infirmum. (PRG-139)"
"PRG-140","Missa pro infirmo \","ordo_text","E33 Linguistic Object","PRG","Romano-Germanic Pontifical tradition","10th century","CXL","(PRG n. CXL; Vogel-Elze, LE TEXTE II (NN. XCIX-CCLVIII); extracted from PDF p. 708)","CARo - Pontifical Romano-Germanique.XML","Missa pro infirmo \ (PRG-140)"
"PRG-141","Oratio pro reddita sanitate.","ordo_text","E33 Linguistic Object","PRG","Romano-Germanic Pontifical tradition","10th century","CXLI","(PRG n. CXLI; Vogel-Elze, LE TEXTE II (NN. XCIX-CCLVIII); extracted from PDF p. 709)","CARo - Pontifical Romano-Germanique.XML","Oratio pro reddita sanitate. (PRG-141)"
"PRG-142","Item ad consignandum hominem sanum sive infirmum.","ordo_text","E33 Linguistic Object","PRG","Romano-Germanic Pontifical tradition","10th century","CXLII","(PRG n. CXLII; Vogel-Elze, LE TEXTE II (NN. XCIX-CCLVIII); extracted from PDF p. 709)","CARo - Pontifical Romano-Germanique.XML","Item ad consignandum hominem sanum sive infirmum. (PRG-142)"
"PRG-143","Ordo ad unguendum infirmum.","ordo_text","E33 Linguistic Object","PRG","Romano-Germanic Pontifical tradition","10th century","CXLIII","(PRG n. CXLIII; Vogel-Elze, LE TEXTE II (NN. XCIX-CCLVIII); extracted from PDF p. 710)","CARo - Pontifical Romano-Germanique.XML","Ordo ad unguendum infirmum. (PRG-143)"
"PRG-144","Item ordo poenitentis ad mortem.","ordo_text","E33 Linguistic Object","PRG","Romano-Germanic Pontifical tradition","10th century","CXLIV","(PRG n. CXLIV; Vogel-Elze, LE TEXTE II (NN. XCIX-CCLVIII); extracted from PDF p. 722)","CARo - Pontifical Romano-Germanique.XML","Item ordo poenitentis ad mortem. (PRG-144)"
"PRG-145","Item reconciliatio penitentis ad mortem.","ordo_text","E33 Linguistic Object","PRG","Romano-Germanic Pontifical tradition","10th century","CXLV","(PRG n. CXLV; Vogel-Elze, LE TEXTE II (NN. XCIX-CCLVIII); extracted from PDF p. 727)","CARo - Pontifical Romano-Germanique.XML","Item reconciliatio penitentis ad mortem. (PRG-145)"
"PRG-146","Mox subsequitur missa quam sacerdos pro sibi confesso","ordo_text","E33 Linguistic Object","PRG","Romano-Germanic Pontifical tradition","10th century","CXLVI","(PRG n. CXLVI; Vogel-Elze, LE TEXTE II (NN. XCIX-CCLVIII); extracted from PDF p. 729)","CARo - Pontifical Romano-Germanique.XML","Mox subsequitur missa quam sacerdos pro sibi confesso (PRG-146)"
"PRG-147","Item alia missa.","ordo_text","E33 Linguistic Object","PRG","Romano-Germanic Pontifical tradition","10th century","CXLVII","(PRG n. CXLVII; Vogel-Elze, LE TEXTE II (NN. XCIX-CCLVIII); extracted from PDF p. 731)","CARo - Pontifical Romano-Germanique.XML","Item alia missa. (PRG-147)"
"PRG-148","Missa pro infirmo qoi proximus est morti.","ordo_text","E33 Linguistic Object","PRG","Romano-Germanic Pontifical tradition","10th century","CXLVIII","(PRG n. CXLVIII; Vogel-Elze, LE TEXTE II (NN. XCIX-CCLVIII); extracted from PDF p. 732)","CARo - Pontifical Romano-Germanique.XML","Missa pro infirmo qoi proximus est morti. (PRG-148)"
"PRG-149","In nomine domini incipit obsequium circa morientes,","ordo_text","E33 Linguistic Object","PRG","Romano-Germanic Pontifical tradition","10th century","CXLIX","(PRG n. CXLIX; Vogel-Elze, LE TEXTE II (NN. XCIX-CCLVIII); extracted from PDF p. 733)","CARo - Pontifical Romano-Germanique.XML","In nomine domini incipit obsequium circa morientes, (PRG-149)"
"PRG-150","Missa in die depositionis defuncti.","ordo_text","E33 Linguistic Object","PRG","Romano-Germanic Pontifical tradition","10th century","CL","(PRG n. CL; Vogel-Elze, LE TEXTE II (NN. XCIX-CCLVIII); extracted from PDF p. 757)","CARo - Pontifical Romano-Germanique.XML","Missa in die depositionis defuncti. (PRG-150)"
"PRG-151","Missa pro defuncto.","ordo_text","E33 Linguistic Object","PRG","Romano-Germanic Pontifical tradition","10th century","CLI","(PRG n. CLI; Vogel-Elze, LE TEXTE II (NN. XCIX-CCLVIII); extracted from PDF p. 759)","CARo - Pontifical Romano-Germanique.XML","Missa pro defuncto. (PRG-151)"
"PRG-152","Missa in cimiteriis.","ordo_text","E33 Linguistic Object","PRG","Romano-Germanic Pontifical tradition","10th century","CLII","(PRG n. CLII; Vogel-Elze, LE TEXTE II (NN. XCIX-CCLVIII); extracted from PDF p. 761)","CARo - Pontifical Romano-Germanique.XML","Missa in cimiteriis. (PRG-152)"
"PRG-154","Missa pro sacerdote deluncto.","ordo_text","E33 Linguistic Object","PRG","Romano-Germanic Pontifical tradition","10th century","CLIV","(PRG n. CLIV; Vogel-Elze, LE TEXTE II (NN. XCIX-CCLVIII); extracted from PDF p. 763)","CARo - Pontifical Romano-Germanique.XML","Missa pro sacerdote deluncto. (PRG-154)"
"PRG-155","Missa unius defuncti. is","ordo_text","E33 Linguistic Object","PRG","Romano-Germanic Pontifical tradition","10th century","CLV","(PRG n. CLV; Vogel-Elze, LE TEXTE II (NN. XCIX-CCLVIII); extracted from PDF p. 763)","CARo - Pontifical Romano-Germanique.XML","Missa unius defuncti. is (PRG-155)"
"PRG-156","Alia missa unius defuncti.","ordo_text","E33 Linguistic Object","PRG","Romano-Germanic Pontifical tradition","10th century","CLVI","(PRG n. CLVI; Vogel-Elze, LE TEXTE II (NN. XCIX-CCLVIII); extracted from PDF p. 764)","CARo - Pontifical Romano-Germanique.XML","Alia missa unius defuncti. (PRG-156)"
"PRG-157","Missa pro congregatione.","ordo_text","E33 Linguistic Object","PRG","Romano-Germanic Pontifical tradition","10th century","CLVII","(PRG n. CLVII; Vogel-Elze, LE TEXTE II (NN. XCIX-CCLVIII); extracted from PDF p. 764)","CARo - Pontifical Romano-Germanique.XML","Missa pro congregatione. (PRG-157)"
"PRG-158","M ss.: B, f. *-186r; C, f. *; G, f. ··; T, f. *.","ordo_text","E33 Linguistic Object","PRG","Romano-Germanic Pontifical tradition","10th century","CLVIII","(PRG n. CLVIII; Vogel-Elze, LE TEXTE II (NN. XCIX-CCLVIII); extracted from PDF p. 766)","CARo - Pontifical Romano-Germanique.XML","M ss.: B, f. *-186r; C, f. *; G, f. ··; T, f. *. (PRG-158)"
"PRG-159","Item alia missa.","ordo_text","E33 Linguistic Object","PRG","Romano-Germanic Pontifical tradition","10th century","CLIX","(PRG n. CLIX; Vogel-Elze, LE TEXTE II (NN. XCIX-CCLVIII); extracted from PDF p. 767)","CARo - Pontifical Romano-Germanique.XML","Item alia missa. (PRG-159)"
"PRG-160","Missa in die depositionis tertio, septimo et tricesimo.","ordo_text","E33 Linguistic Object","PRG","Romano-Germanic Pontifical tradition","10th century","CLX","(PRG n. CLX; Vogel-Elze, LE TEXTE II (NN. XCIX-CCLVIII); extracted from PDF p. 767)","CARo - Pontifical Romano-Germanique.XML","Missa in die depositionis tertio, septimo et tricesimo. (PRG-160)"
"PRG-161","Missa in anniversario unius defuncti.","ordo_text","E33 Linguistic Object","PRG","Romano-Germanic Pontifical tradition","10th century","CLXI","(PRG n. CLXI; Vogel-Elze, LE TEXTE II (NN. XCIX-CCLVIII); extracted from PDF p. 769)","CARo - Pontifical Romano-Germanique.XML","Missa in anniversario unius defuncti. (PRG-161)"
"PRG-162","Missa in anniversario.","ordo_text","E33 Linguistic Object","PRG","Romano-Germanic Pontifical tradition","10th century","CLXII","(PRG n. CLXII; Vogel-Elze, LE TEXTE II (NN. XCIX-CCLVIII); extracted from PDF p. 770)","CARo - Pontifical Romano-Germanique.XML","Missa in anniversario. (PRG-162)"
"PRG-163","Missa * pro episcopo defuncto.","ordo_text","E33 Linguistic Object","PRG","Romano-Germanic Pontifical tradition","10th century","CLXIII","(PRG n. CLXIII; Vogel-Elze, LE TEXTE II (NN. XCIX-CCLVIII); extracted from PDF p. 771)","CARo - Pontifical Romano-Germanique.XML","Missa * pro episcopo defuncto. (PRG-163)"
"PRG-164","Missa pro sacerdote defuncto.","ordo_text","E33 Linguistic Object","PRG","Romano-Germanic Pontifical tradition","10th century","CLXIV","(PRG n. CLXIV; Vogel-Elze, LE TEXTE II (NN. XCIX-CCLVIII); extracted from PDF p. 771)","CARo - Pontifical Romano-Germanique.XML","Missa pro sacerdote defuncto. (PRG-164)"
"PRG-165","Missa pro defuncta femina.","ordo_text","E33 Linguistic Object","PRG","Romano-Germanic Pontifical tradition","10th century","CLXV","(PRG n. CLXV; Vogel-Elze, LE TEXTE II (NN. XCIX-CCLVIII); extracted from PDF p. 772)","CARo - Pontifical Romano-Germanique.XML","Missa pro defuncta femina. (PRG-165)"
"PRG-166","Missa plurimorum defunctorum.","ordo_text","E33 Linguistic Object","PRG","Romano-Germanic Pontifical tradition","10th century","CLXVI","(PRG n. CLXVI; Vogel-Elze, LE TEXTE II (NN. XCIX-CCLVIII); extracted from PDF p. 773)","CARo - Pontifical Romano-Germanique.XML","Missa plurimorum defunctorum. (PRG-166)"
"PRG-167","In agenda conditoris aecclesiae.","ordo_text","E33 Linguistic Object","PRG","Romano-Germanic Pontifical tradition","10th century","CLXVII","(PRG n. CLXVII; Vogel-Elze, LE TEXTE II (NN. XCIX-CCLVIII); extracted from PDF p. 773)","CARo - Pontifical Romano-Germanique.XML","In agenda conditoris aecclesiae. (PRG-167)"
"PRG-168","In vigilia defunctorum sermo sancti Augustini epi","ordo_text","E33 Linguistic Object","PRG","Romano-Germanic Pontifical tradition","10th century","CLXVIII","(PRG n. CLXVIII; Vogel-Elze, LE TEXTE II (NN. XCIX-CCLVIII); extracted from PDF p. 774)","CARo - Pontifical Romano-Germanique.XML","In vigilia defunctorum sermo sancti Augustini epi (PRG-168)"
"PRG-169","Item lectiones sancti Gregorii in vigilia defunctorum.","ordo_text","E33 Linguistic Object","PRG","Romano-Germanic Pontifical tradition","10th century","CLXIX","(PRG n. CLXIX; Vogel-Elze, LE TEXTE II (NN. XCIX-CCLVIII); extracted from PDF p. 775)","CARo - Pontifical Romano-Germanique.XML","Item lectiones sancti Gregorii in vigilia defunctorum. (PRG-169)"
"PRG-170","Sermo beati Cecilii Cypriani episcopi.","ordo_text","E33 Linguistic Object","PRG","Romano-Germanic Pontifical tradition","10th century","CLXX","(PRG n. CLXX; Vogel-Elze, LE TEXTE II (NN. XCIX-CCLVIII); extracted from PDF p. 779)","CARo - Pontifical Romano-Germanique.XML","Sermo beati Cecilii Cypriani episcopi. (PRG-170)"
"PRG-171","Oratio cum in aliquod opus ordinantur fratres.","ordo_text","E33 Linguistic Object","PRG","Romano-Germanic Pontifical tradition","10th century","CLXXI","(PRG n. CLXXI; Vogel-Elze, LE TEXTE II (NN. XCIX-CCLVIII); extracted from PDF p. 782)","CARo - Pontifical Romano-Germanique.XML","Oratio cum in aliquod opus ordinantur fratres. (PRG-171)"
"PRG-172","Oratio cum absolvuntur.","ordo_text","E33 Linguistic Object","PRG","Romano-Germanic Pontifical tradition","10th century","CLXXII","(PRG n. CLXXII; Vogel-Elze, LE TEXTE II (NN. XCIX-CCLVIII); extracted from PDF p. 782)","CARo - Pontifical Romano-Germanique.XML","Oratio cum absolvuntur. (PRG-172)"
"PRG-174","Oratio super eos qui ipsum mandatum adimpleverunt.","ordo_text","E33 Linguistic Object","PRG","Romano-Germanic Pontifical tradition","10th century","CLXXIV","(PRG n. CLXXIV; Vogel-Elze, LE TEXTE II (NN. XCIX-CCLVIII); extracted from PDF p. 783)","CARo - Pontifical Romano-Germanique.XML","Oratio super eos qui ipsum mandatum adimpleverunt. (PRG-174)"
"PRG-175","Oratio super ebdomadarios de coquina egredientes.","ordo_text","E33 Linguistic Object","PRG","Romano-Germanic Pontifical tradition","10th century","CLXXV","(PRG n. CLXXV; Vogel-Elze, LE TEXTE II (NN. XCIX-CCLVIII); extracted from PDF p. 783)","CARo - Pontifical Romano-Germanique.XML","Oratio super ebdomadarios de coquina egredientes. (PRG-175)"
"PRG-176","Oratio pro his qui ingrediuntur.","ordo_text","E33 Linguistic Object","PRG","Romano-Germanic Pontifical tradition","10th century","CLXXVI","(PRG n. CLXXVI; Vogel-Elze, LE TEXTE II (NN. XCIX-CCLVIII); extracted from PDF p. 784)","CARo - Pontifical Romano-Germanique.XML","Oratio pro his qui ingrediuntur. (PRG-176)"
"PRG-177","Oratio pro ebdomadario lectore.","ordo_text","E33 Linguistic Object","PRG","Romano-Germanic Pontifical tradition","10th century","CLXXVII","(PRG n. CLXXVII; Vogel-Elze, LE TEXTE II (NN. XCIX-CCLVIII); extracted from PDF p. 784)","CARo - Pontifical Romano-Germanique.XML","Oratio pro ebdomadario lectore. (PRG-177)"
"PRG-178","Oratio in monasterio.","ordo_text","E33 Linguistic Object","PRG","Romano-Germanic Pontifical tradition","10th century","CLXXVIII","(PRG n. CLXXVIII; Vogel-Elze, LE TEXTE II (NN. XCIX-CCLVIII); extracted from PDF p. 784)","CARo - Pontifical Romano-Germanique.XML","Oratio in monasterio. (PRG-178)"
"PRG-179","Oratio in atrio.","ordo_text","E33 Linguistic Object","PRG","Romano-Germanic Pontifical tradition","10th century","CLXXIX","(PRG n. CLXXIX; Vogel-Elze, LE TEXTE II (NN. XCIX-CCLVIII); extracted from PDF p. 784)","CARo - Pontifical Romano-Germanique.XML","Oratio in atrio. (PRG-179)"
"PRG-180","Benedictio salis communis l.","ordo_text","E33 Linguistic Object","PRG","Romano-Germanic Pontifical tradition","10th century","CLXXX","(PRG n. CLXXX; Vogel-Elze, LE TEXTE II (NN. XCIX-CCLVIII); extracted from PDF p. 785)","CARo - Pontifical Romano-Germanique.XML","Benedictio salis communis l. (PRG-180)"
"PRG-181","Incipit maior benediccio salis et aque.","ordo_text","E33 Linguistic Object","PRG","Romano-Germanic Pontifical tradition","10th century","CLXXXI","(PRG n. CLXXXI; Vogel-Elze, LE TEXTE II (NN. XCIX-CCLVIII); extracted from PDF p. 785)","CARo - Pontifical Romano-Germanique.XML","Incipit maior benediccio salis et aque. (PRG-181)"
"PRG-182","Benediccio salis ad oculorum dolorem.","ordo_text","E33 Linguistic Object","PRG","Romano-Germanic Pontifical tradition","10th century","CLXXXII","(PRG n. CLXXXII; Vogel-Elze, LE TEXTE II (NN. XCIX-CCLVIII); extracted from PDF p. 793)","CARo - Pontifical Romano-Germanique.XML","Benediccio salis ad oculorum dolorem. (PRG-182)"
"PRG-183","Incipit maior benedictio salis et aque ad pecora.","ordo_text","E33 Linguistic Object","PRG","Romano-Germanic Pontifical tradition","10th century","CLXXXIII","(PRG n. CLXXXIII; Vogel-Elze, LE TEXTE II (NN. XCIX-CCLVIII); extracted from PDF p. 794)","CARo - Pontifical Romano-Germanique.XML","Incipit maior benedictio salis et aque ad pecora. (PRG-183)"
"PRG-184","Benedictio panis et salis ad salutem hominum et","ordo_text","E33 Linguistic Object","PRG","Romano-Germanic Pontifical tradition","10th century","CLXXXIV","(PRG n. CLXXXIV; Vogel-Elze, LE TEXTE II (NN. XCIX-CCLVIII); extracted from PDF p. 803)","CARo - Pontifical Romano-Germanique.XML","Benedictio panis et salis ad salutem hominum et (PRG-184)"
"PRG-185","Exorcismus salis et aquae contra fulgoral.","ordo_text","E33 Linguistic Object","PRG","Romano-Germanic Pontifical tradition","10th century","CLXXXV","(PRG n. CLXXXV; Vogel-Elze, LE TEXTE II (NN. XCIX-CCLVIII); extracted from PDF p. 803)","CARo - Pontifical Romano-Germanique.XML","Exorcismus salis et aquae contra fulgoral. (PRG-185)"
"PRG-187","Contra grandines.","ordo_text","E33 Linguistic Object","PRG","Romano-Germanic Pontifical tradition","10th century","CLXXXVII","(PRG n. CLXXXVII; Vogel-Elze, LE TEXTE II (NN. XCIX-CCLVIII); extracted from PDF p. 805)","CARo - Pontifical Romano-Germanique.XML","Contra grandines. (PRG-187)"
"PRG-188","Benedictio aquae cnm ligno sanctae crucis.","ordo_text","E33 Linguistic Object","PRG","Romano-Germanic Pontifical tradition","10th century","CLXXXVIII","(PRG n. CLXXXVIII; Vogel-Elze, LE TEXTE II (NN. XCIX-CCLVIII); extracted from PDF p. 805)","CARo - Pontifical Romano-Germanique.XML","Benedictio aquae cnm ligno sanctae crucis. (PRG-188)"
"PRG-189","Oratio ad visitandos fratres.","ordo_text","E33 Linguistic Object","PRG","Romano-Germanic Pontifical tradition","10th century","CLXXXIX","(PRG n. CLXXXIX; Vogel-Elze, LE TEXTE II (NN. XCIX-CCLVIII); extracted from PDF p. 806)","CARo - Pontifical Romano-Germanique.XML","Oratio ad visitandos fratres. (PRG-189)"
"PRG-190","Benedictio domus.","ordo_text","E33 Linguistic Object","PRG","Romano-Germanic Pontifical tradition","10th century","CXC","(PRG n. CXC; Vogel-Elze, LE TEXTE II (NN. XCIX-CCLVIII); extracted from PDF p. 806)","CARo - Pontifical Romano-Germanique.XML","Benedictio domus. (PRG-190)"
"PRG-191","Item benedictio domus.","ordo_text","E33 Linguistic Object","PRG","Romano-Germanic Pontifical tradition","10th century","CXCI","(PRG n. CXCI; Vogel-Elze, LE TEXTE II (NN. XCIX-CCLVIII); extracted from PDF p. 807)","CARo - Pontifical Romano-Germanique.XML","Item benedictio domus. (PRG-191)"
"PRG-192","Benedictio loci ubi iacueris.","ordo_text","E33 Linguistic Object","PRG","Romano-Germanic Pontifical tradition","10th century","CXCII","(PRG n. CXCII; Vogel-Elze, LE TEXTE II (NN. XCIX-CCLVIII); extracted from PDF p. 807)","CARo - Pontifical Romano-Germanique.XML","Benedictio loci ubi iacueris. (PRG-192)"
"PRG-193","Oratio in domo ancillarum Dei.","ordo_text","E33 Linguistic Object","PRG","Romano-Germanic Pontifical tradition","10th century","CXCIII","(PRG n. CXCIII; Vogel-Elze, LE TEXTE II (NN. XCIX-CCLVIII); extracted from PDF p. 808)","CARo - Pontifical Romano-Germanique.XML","Oratio in domo ancillarum Dei. (PRG-193)"
"PRG-195","In cymiterio.","ordo_text","E33 Linguistic Object","PRG","Romano-Germanic Pontifical tradition","10th century","CXCV","(PRG n. CXCV; Vogel-Elze, LE TEXTE II (NN. XCIX-CCLVIII); extracted from PDF p. 808)","CARo - Pontifical Romano-Germanique.XML","In cymiterio. (PRG-195)"
"PRG-196","Oratio in vestiario.","ordo_text","E33 Linguistic Object","PRG","Romano-Germanic Pontifical tradition","10th century","CXCVI","(PRG n. CXCVI; Vogel-Elze, LE TEXTE II (NN. XCIX-CCLVIII); extracted from PDF p. 808)","CARo - Pontifical Romano-Germanique.XML","Oratio in vestiario. (PRG-196)"
"PRG-197","In * scriptorio.","ordo_text","E33 Linguistic Object","PRG","Romano-Germanic Pontifical tradition","10th century","CXCVII","(PRG n. CXCVII; Vogel-Elze, LE TEXTE II (NN. XCIX-CCLVIII); extracted from PDF p. 809)","CARo - Pontifical Romano-Germanique.XML","In * scriptorio. (PRG-197)"
"PRG-198","In dormitorio. s","ordo_text","E33 Linguistic Object","PRG","Romano-Germanic Pontifical tradition","10th century","CXCVIII","(PRG n. CXCVIII; Vogel-Elze, LE TEXTE II (NN. XCIX-CCLVIII); extracted from PDF p. 809)","CARo - Pontifical Romano-Germanique.XML","In dormitorio. s (PRG-198)"
"PRG-199","In refectorio.","ordo_text","E33 Linguistic Object","PRG","Romano-Germanic Pontifical tradition","10th century","CXCIX","(PRG n. CXCIX; Vogel-Elze, LE TEXTE II (NN. XCIX-CCLVIII); extracted from PDF p. 809)","CARo - Pontifical Romano-Germanique.XML","In refectorio. (PRG-199)"
"PRG-200","In cellario.","ordo_text","E33 Linguistic Object","PRG","Romano-Germanic Pontifical tradition","10th century","CC","(PRG n. CC; Vogel-Elze, LE TEXTE II (NN. XCIX-CCLVIII); extracted from PDF p. 809)","CARo - Pontifical Romano-Germanique.XML","In cellario. (PRG-200)"
"PRG-201","In coquina.","ordo_text","E33 Linguistic Object","PRG","Romano-Germanic Pontifical tradition","10th century","CCI","(PRG n. CCI; Vogel-Elze, LE TEXTE II (NN. XCIX-CCLVIII); extracted from PDF p. 810)","CARo - Pontifical Romano-Germanique.XML","In coquina. (PRG-201)"
"PRG-202","In hospitali.","ordo_text","E33 Linguistic Object","PRG","Romano-Germanic Pontifical tradition","10th century","CCII","(PRG n. CCII; Vogel-Elze, LE TEXTE II (NN. XCIX-CCLVIII); extracted from PDF p. 810)","CARo - Pontifical Romano-Germanique.XML","In hospitali. (PRG-202)"
"PRG-203","In pirali vel caminata.","ordo_text","E33 Linguistic Object","PRG","Romano-Germanic Pontifical tradition","10th century","CCIII","(PRG n. CCIII; Vogel-Elze, LE TEXTE II (NN. XCIX-CCLVIII); extracted from PDF p. 810)","CARo - Pontifical Romano-Germanique.XML","In pirali vel caminata. (PRG-203)"
"PRG-204","In domo infirmorum.","ordo_text","E33 Linguistic Object","PRG","Romano-Germanic Pontifical tradition","10th century","CCIV","(PRG n. CCIV; Vogel-Elze, LE TEXTE II (NN. XCIX-CCLVIII); extracted from PDF p. 811)","CARo - Pontifical Romano-Germanique.XML","In domo infirmorum. (PRG-204)"
"PRG-205","In area nova.","ordo_text","E33 Linguistic Object","PRG","Romano-Germanic Pontifical tradition","10th century","CCV","(PRG n. CCV; Vogel-Elze, LE TEXTE II (NN. XCIX-CCLVIII); extracted from PDF p. 811)","CARo - Pontifical Romano-Germanique.XML","In area nova. (PRG-205)"
"PRG-206","In horreo vel granario.","ordo_text","E33 Linguistic Object","PRG","Romano-Germanic Pontifical tradition","10th century","CCVI","(PRG n. CCVI; Vogel-Elze, LE TEXTE II (NN. XCIX-CCLVIII); extracted from PDF p. 811)","CARo - Pontifical Romano-Germanique.XML","In horreo vel granario. (PRG-206)"
"PRG-207","In pistrino».","ordo_text","E33 Linguistic Object","PRG","Romano-Germanic Pontifical tradition","10th century","CCVII","(PRG n. CCVII; Vogel-Elze, LE TEXTE II (NN. XCIX-CCLVIII); extracted from PDF p. 812)","CARo - Pontifical Romano-Germanique.XML","In pistrino». (PRG-207)"
"PRG-208","In lardario.","ordo_text","E33 Linguistic Object","PRG","Romano-Germanic Pontifical tradition","10th century","CCVIII","(PRG n. CCVIII; Vogel-Elze, LE TEXTE II (NN. XCIX-CCLVIII); extracted from PDF p. 812)","CARo - Pontifical Romano-Germanique.XML","In lardario. (PRG-208)"
"PRG-209","In potionario.","ordo_text","E33 Linguistic Object","PRG","Romano-Germanic Pontifical tradition","10th century","CCIX","(PRG n. CCIX; Vogel-Elze, LE TEXTE II (NN. XCIX-CCLVIII); extracted from PDF p. 812)","CARo - Pontifical Romano-Germanique.XML","In potionario. (PRG-209)"
"PRG-211","Oratio post introitum basilicae.","ordo_text","E33 Linguistic Object","PRG","Romano-Germanic Pontifical tradition","10th century","CCXI","(PRG n. CCXI; Vogel-Elze, LE TEXTE II (NN. XCIX-CCLVIII); extracted from PDF p. 813)","CARo - Pontifical Romano-Germanique.XML","Oratio post introitum basilicae. (PRG-211)"
"PRG-212","Benediccio super capsellas et fustes et super eos qui cum","ordo_text","E33 Linguistic Object","PRG","Romano-Germanic Pontifical tradition","10th century","CCXII","(PRG n. CCXII; Vogel-Elze, LE TEXTE II (NN. XCIX-CCLVIII); extracted from PDF p. 814)","CARo - Pontifical Romano-Germanique.XML","Benediccio super capsellas et fustes et super eos qui cum (PRG-212)"
"PRG-213","Benedictio seminum.","ordo_text","E33 Linguistic Object","PRG","Romano-Germanic Pontifical tradition","10th century","CCXIII","(PRG n. CCXIII; Vogel-Elze, LE TEXTE II (NN. XCIX-CCLVIII); extracted from PDF p. 815)","CARo - Pontifical Romano-Germanique.XML","Benedictio seminum. (PRG-213)"
"PRG-215","Benedictio in campo sive in agro qnando agitur letania.","ordo_text","E33 Linguistic Object","PRG","Romano-Germanic Pontifical tradition","10th century","CCXV","(PRG n. CCXV; Vogel-Elze, LE TEXTE II (NN. XCIX-CCLVIII); extracted from PDF p. 819)","CARo - Pontifical Romano-Germanique.XML","Benedictio in campo sive in agro qnando agitur letania. (PRG-215)"
"PRG-216","Item benedictio Irugum in agro.","ordo_text","E33 Linguistic Object","PRG","Romano-Germanic Pontifical tradition","10th century","CCXVI","(PRG n. CCXVI; Vogel-Elze, LE TEXTE II (NN. XCIX-CCLVIII); extracted from PDF p. 820)","CARo - Pontifical Romano-Germanique.XML","Item benedictio Irugum in agro. (PRG-216)"
"PRG-217","M as.: B, f. *; G, f. '.","ordo_text","E33 Linguistic Object","PRG","Romano-Germanic Pontifical tradition","10th century","CCXVII","(PRG n. CCXVII; Vogel-Elze, LE TEXTE II (NN. XCIX-CCLVIII); extracted from PDF p. 820)","CARo - Pontifical Romano-Germanique.XML","M as.: B, f. *; G, f. '. (PRG-217)"
"PRG-219","Ad omnia quae volueris.","ordo_text","E33 Linguistic Object","PRG","Romano-Germanic Pontifical tradition","10th century","CCXIX","(PRG n. CCXIX; Vogel-Elze, LE TEXTE II (NN. XCIX-CCLVIII); extracted from PDF p. 821)","CARo - Pontifical Romano-Germanique.XML","Ad omnia quae volueris. (PRG-219)"
"PRG-220","Cette benedictio casei est insérée également dans les cérémonies du","ordo_text","E33 Linguistic Object","PRG","Romano-Germanic Pontifical tradition","10th century","CCXX","(PRG n. CCXX; Vogel-Elze, LE TEXTE II (NN. XCIX-CCLVIII); extracted from PDF p. 821)","CARo - Pontifical Romano-Germanique.XML","Cette benedictio casei est insérée également dans les cérémonies du (PRG-220)"
"PRG-222","Ad fructum nove arboris.","ordo_text","E33 Linguistic Object","PRG","Romano-Germanic Pontifical tradition","10th century","CCXXII","(PRG n. CCXXII; Vogel-Elze, LE TEXTE II (NN. XCIX-CCLVIII); extracted from PDF p. 822)","CARo - Pontifical Romano-Germanique.XML","Ad fructum nove arboris. (PRG-222)"
"PRG-223","Benedictio ad fruges novas.","ordo_text","E33 Linguistic Object","PRG","Romano-Germanic Pontifical tradition","10th century","CCXXIII","(PRG n. CCXXIII; Vogel-Elze, LE TEXTE II (NN. XCIX-CCLVIII); extracted from PDF p. 822)","CARo - Pontifical Romano-Germanique.XML","Benedictio ad fruges novas. (PRG-223)"
"PRG-224","Benedictio panis.","ordo_text","E33 Linguistic Object","PRG","Romano-Germanic Pontifical tradition","10th century","CCXXIV","(PRG n. CCXXIV; Vogel-Elze, LE TEXTE II (NN. XCIX-CCLVIII); extracted from PDF p. 822)","CARo - Pontifical Romano-Germanique.XML","Benedictio panis. (PRG-224)"
"PRG-225","Benedictio panis ad eulogias dandi.","ordo_text","E33 Linguistic Object","PRG","Romano-Germanic Pontifical tradition","10th century","CCXXV","(PRG n. CCXXV; Vogel-Elze, LE TEXTE II (NN. XCIX-CCLVIII); extracted from PDF p. 822)","CARo - Pontifical Romano-Germanique.XML","Benedictio panis ad eulogias dandi. (PRG-225)"
"PRG-226","Benedictio uvae vel fabe.","ordo_text","E33 Linguistic Object","PRG","Romano-Germanic Pontifical tradition","10th century","CCXXVI","(PRG n. CCXXVI; Vogel-Elze, LE TEXTE II (NN. XCIX-CCLVIII); extracted from PDF p. 823)","CARo - Pontifical Romano-Germanique.XML","Benedictio uvae vel fabe. (PRG-226)"
"PRG-227","Benedictio vini novi.","ordo_text","E33 Linguistic Object","PRG","Romano-Germanic Pontifical tradition","10th century","CCXXVII","(PRG n. CCXXVII; Vogel-Elze, LE TEXTE II (NN. XCIX-CCLVIII); extracted from PDF p. 823)","CARo - Pontifical Romano-Germanique.XML","Benedictio vini novi. (PRG-227)"
"PRG-228","Ad agape","ordo_text","E33 Linguistic Object","PRG","Romano-Germanic Pontifical tradition","10th century","CCXXVIII","(PRG n. CCXXVIII; Vogel-Elze, LE TEXTE II (NN. XCIX-CCLVIII); extracted from PDF p. 824)","CARo - Pontifical Romano-Germanique.XML","Ad agape (PRG-228)"
"PRG-229","Oratio ante cibum.","ordo_text","E33 Linguistic Object","PRG","Romano-Germanic Pontifical tradition","10th century","CCXXIX","(PRG n. CCXXIX; Vogel-Elze, LE TEXTE II (NN. XCIX-CCLVIII); extracted from PDF p. 824)","CARo - Pontifical Romano-Germanique.XML","Oratio ante cibum. (PRG-229)"
"PRG-230","Orationes super mensam.","ordo_text","E33 Linguistic Object","PRG","Romano-Germanic Pontifical tradition","10th century","CCXXX","(PRG n. CCXXX; Vogel-Elze, LE TEXTE II (NN. XCIX-CCLVIII); extracted from PDF p. 825)","CARo - Pontifical Romano-Germanique.XML","Orationes super mensam. (PRG-230)"
"PRG-231","Benedictio putei novi.","ordo_text","E33 Linguistic Object","PRG","Romano-Germanic Pontifical tradition","10th century","CCXXXI","(PRG n. CCXXXI; Vogel-Elze, LE TEXTE II (NN. XCIX-CCLVIII); extracted from PDF p. 826)","CARo - Pontifical Romano-Germanique.XML","Benedictio putei novi. (PRG-231)"
"PRG-232","Benedictio fontis ubi aliqua neglegentia evenerit.","ordo_text","E33 Linguistic Object","PRG","Romano-Germanic Pontifical tradition","10th century","CCXXXII","(PRG n. CCXXXII; Vogel-Elze, LE TEXTE II (NN. XCIX-CCLVIII); extracted from PDF p. 826)","CARo - Pontifical Romano-Germanique.XML","Benedictio fontis ubi aliqua neglegentia evenerit. (PRG-232)"
"PRG-233","Super vascula in antiquis locis reperta.","ordo_text","E33 Linguistic Object","PRG","Romano-Germanic Pontifical tradition","10th century","CCXXXIII","(PRG n. CCXXXIII; Vogel-Elze, LE TEXTE II (NN. XCIX-CCLVIII); extracted from PDF p. 827)","CARo - Pontifical Romano-Germanique.XML","Super vascula in antiquis locis reperta. (PRG-233)"
"PRG-234","Benedictio quorumlibet vasorum.","ordo_text","E33 Linguistic Object","PRG","Romano-Germanic Pontifical tradition","10th century","CCXXXIV","(PRG n. CCXXXIV; Vogel-Elze, LE TEXTE II (NN. XCIX-CCLVIII); extracted from PDF p. 827)","CARo - Pontifical Romano-Germanique.XML","Benedictio quorumlibet vasorum. (PRG-234)"
"PRG-235","Oratio pro antidoto sumendo.","ordo_text","E33 Linguistic Object","PRG","Romano-Germanic Pontifical tradition","10th century","CCXXXV","(PRG n. CCXXXV; Vogel-Elze, LE TEXTE II (NN. XCIX-CCLVIII); extracted from PDF p. 828)","CARo - Pontifical Romano-Germanique.XML","Oratio pro antidoto sumendo. (PRG-235)"
"PRG-236","Oratio pro diminutione sanguinis.","ordo_text","E33 Linguistic Object","PRG","Romano-Germanic Pontifical tradition","10th century","CCXXXVI","(PRG n. CCXXXVI; Vogel-Elze, LE TEXTE II (NN. XCIX-CCLVIII); extracted from PDF p. 828)","CARo - Pontifical Romano-Germanique.XML","Oratio pro diminutione sanguinis. (PRG-236)"
"PRG-237","Oratio ad lavacrum.","ordo_text","E33 Linguistic Object","PRG","Romano-Germanic Pontifical tradition","10th century","CCXXXVII","(PRG n. CCXXXVII; Vogel-Elze, LE TEXTE II (NN. XCIX-CCLVIII); extracted from PDF p. 828)","CARo - Pontifical Romano-Germanique.XML","Oratio ad lavacrum. (PRG-237)"
"PRG-238","Benedictio incensi vel thimiamatis.","ordo_text","E33 Linguistic Object","PRG","Romano-Germanic Pontifical tradition","10th century","CCXXXVIII","(PRG n. CCXXXVIII; Vogel-Elze, LE TEXTE II (NN. XCIX-CCLVIII); extracted from PDF p. 828)","CARo - Pontifical Romano-Germanique.XML","Benedictio incensi vel thimiamatis. (PRG-238)"
"PRG-239","Benedictio saponis * l.","ordo_text","E33 Linguistic Object","PRG","Romano-Germanic Pontifical tradition","10th century","CCXXXIX","(PRG n. CCXXXIX; Vogel-Elze, LE TEXTE II (NN. XCIX-CCLVIII); extracted from PDF p. 829)","CARo - Pontifical Romano-Germanique.XML","Benedictio saponis * l. (PRG-239)"
"PRG-241","Benedictio retium ad capiendos pisces.","ordo_text","E33 Linguistic Object","PRG","Romano-Germanic Pontifical tradition","10th century","CCXLI","(PRG n. CCXLI; Vogel-Elze, LE TEXTE II (NN. XCIX-CCLVIII); extracted from PDF p. 829)","CARo - Pontifical Romano-Germanique.XML","Benedictio retium ad capiendos pisces. (PRG-241)"
"PRG-242","Benedictio civitatis contra gentiles.","ordo_text","E33 Linguistic Object","PRG","Romano-Germanic Pontifical tradition","10th century","CCXLII","(PRG n. CCXLII; Vogel-Elze, LE TEXTE II (NN. XCIX-CCLVIII); extracted from PDF p. 830)","CARo - Pontifical Romano-Germanique.XML","Benedictio civitatis contra gentiles. (PRG-242)"
"PRG-243","Benedictio vexilli bellici.","ordo_text","E33 Linguistic Object","PRG","Romano-Germanic Pontifical tradition","10th century","CCXLIII","(PRG n. CCXLIII; Vogel-Elze, LE TEXTE II (NN. XCIX-CCLVIII); extracted from PDF p. 830)","CARo - Pontifical Romano-Germanique.XML","Benedictio vexilli bellici. (PRG-243)"
"PRG-244","Benedictio * ensis noviter succincti.","ordo_text","E33 Linguistic Object","PRG","Romano-Germanic Pontifical tradition","10th century","CCXLIV","(PRG n. CCXLIV; Vogel-Elze, LE TEXTE II (NN. XCIX-CCLVIII); extracted from PDF p. 831)","CARo - Pontifical Romano-Germanique.XML","Benedictio * ensis noviter succincti. (PRG-244)"
"PRG-245","Oratio pro exercita.","ordo_text","E33 Linguistic Object","PRG","Romano-Germanic Pontifical tradition","10th century","CCXLV","(PRG n. CCXLV; Vogel-Elze, LE TEXTE II (NN. XCIX-CCLVIII); extracted from PDF p. 832)","CARo - Pontifical Romano-Germanique.XML","Oratio pro exercita. (PRG-245)"
"PRG-246","Iadicium ferri ferventis.","ordo_text","E33 Linguistic Object","PRG","Romano-Germanic Pontifical tradition","10th century","CCXLVI","(PRG n. CCXLVI; Vogel-Elze, LE TEXTE II (NN. XCIX-CCLVIII); extracted from PDF p. 832)","CARo - Pontifical Romano-Germanique.XML","Iadicium ferri ferventis. (PRG-246)"
"PRG-247","De inditio aquae ferventis, quomodo inventum sit.","ordo_text","E33 Linguistic Object","PRG","Romano-Germanic Pontifical tradition","10th century","CCXLVII","(PRG n. CCXLVII; Vogel-Elze, LE TEXTE II (NN. XCIX-CCLVIII); extracted from PDF p. 834)","CARo - Pontifical Romano-Germanique.XML","De inditio aquae ferventis, quomodo inventum sit. (PRG-247)"
"PRG-248","Benedictio aquae fluentis ad iudicium faciendum.","ordo_text","E33 Linguistic Object","PRG","Romano-Germanic Pontifical tradition","10th century","CCXLVIII","(PRG n. CCXLVIII; Vogel-Elze, LE TEXTE II (NN. XCIX-CCLVIII); extracted from PDF p. 845)","CARo - Pontifical Romano-Germanique.XML","Benedictio aquae fluentis ad iudicium faciendum. (PRG-248)"
"PRG-249","Exorcismus et benedictio panis et casei ad securitatem","ordo_text","E33 Linguistic Object","PRG","Romano-Germanic Pontifical tradition","10th century","CCXLIX","(PRG n. CCXLIX; Vogel-Elze, LE TEXTE II (NN. XCIX-CCLVIII); extracted from PDF p. 846)","CARo - Pontifical Romano-Germanique.XML","Exorcismus et benedictio panis et casei ad securitatem (PRG-249)"
"PRG-250","Iudicium panis et casei.","ordo_text","E33 Linguistic Object","PRG","Romano-Germanic Pontifical tradition","10th century","CCL","(PRG n. CCL; Vogel-Elze, LE TEXTE II (NN. XCIX-CCLVIII); extracted from PDF p. 849)","CARo - Pontifical Romano-Germanique.XML","Iudicium panis et casei. (PRG-250)"
"PRG-251","Item indicium panis et easei.","ordo_text","E33 Linguistic Object","PRG","Romano-Germanic Pontifical tradition","10th century","CCLI","(PRG n. CCLI; Vogel-Elze, LE TEXTE II (NN. XCIX-CCLVIII); extracted from PDF p. 850)","CARo - Pontifical Romano-Germanique.XML","Item indicium panis et easei. (PRG-251)"
"PRG-253","[Ad sponsas benedicendas.]","ordo_text","E33 Linguistic Object","PRG","Romano-Germanic Pontifical tradition","10th century","CCLIII","(PRG n. CCLIII; Vogel-Elze, LE TEXTE II (NN. XCIX-CCLVIII); extracted from PDF p. 866)","CARo - Pontifical Romano-Germanique.XML","[Ad sponsas benedicendas.] (PRG-253)"
"PRG-254","Item actio nuptialis ad annualem diem nuptiarum.","ordo_text","E33 Linguistic Object","PRG","Romano-Germanic Pontifical tradition","10th century","CCLIV","(PRG n. CCLIV; Vogel-Elze, LE TEXTE II (NN. XCIX-CCLVIII); extracted from PDF p. 869)","CARo - Pontifical Romano-Germanique.XML","Item actio nuptialis ad annualem diem nuptiarum. (PRG-254)"
"PRG-255","Oratio in natali genuino *.","ordo_text","E33 Linguistic Object","PRG","Romano-Germanic Pontifical tradition","10th century","CCLV","(PRG n. CCLV; Vogel-Elze, LE TEXTE II (NN. XCIX-CCLVIII); extracted from PDF p. 871)","CARo - Pontifical Romano-Germanique.XML","Oratio in natali genuino *. (PRG-255)"
"PRG-256","Oratio pro parturiente.","ordo_text","E33 Linguistic Object","PRG","Romano-Germanic Pontifical tradition","10th century","CCLVI","(PRG n. CCLVI; Vogel-Elze, LE TEXTE II (NN. XCIX-CCLVIII); extracted from PDF p. 871)","CARo - Pontifical Romano-Germanique.XML","Oratio pro parturiente. (PRG-256)"
"PRG-257","Oratio ad missam pro sterilitate mulierum.","ordo_text","E33 Linguistic Object","PRG","Romano-Germanic Pontifical tradition","10th century","CCLVII","(PRG n. CCLVII; Vogel-Elze, LE TEXTE II (NN. XCIX-CCLVIII); extracted from PDF p. 872)","CARo - Pontifical Romano-Germanique.XML","Oratio ad missam pro sterilitate mulierum. (PRG-257)"
"PRG-258","Item pro sterilitate mulierum.","ordo_text","E33 Linguistic Object","PRG","Romano-Germanic Pontifical tradition","10th century","CCLVIII","(PRG n. CCLVIII; Vogel-Elze, LE TEXTE II (NN. XCIX-CCLVIII); extracted from PDF p. 872)","CARo - Pontifical Romano-Germanique.XML","Item pro sterilitate mulierum. (PRG-258)"
"PRG-APP-HITTORP","Appendix preserving the order of the Pontifical romano-germanique as printed by Melchior Hittorp.","ordo_text","E33 Linguistic Object","PRG","Romano-Germanic Pontifical tradition","10th century; appendix based on later printed order","","(Appendice: ordonnance du Pontifical romano-germanique publie par Melchior Hittorp; extracted from PDF pp. 874-884)","CARo - Pontifical Romano-Germanique.XML","Appendix preserving the order of the Pontifical romano-germanique as printed by Melchior Hittorp. (PRG-APP-HITTORP)"
