"id","label","entity_type","openatlas_class","related_ordo_id"
"ref-prg-001-0-edition-cyrille-vogel-and-reinhard-elze-le-pontifical-romano-germanique-du-dixie","Edition: Cyrille Vogel and Reinhard Elze, Le pontifical romano-germanique du dixieme siecle, Studi e testi 226-227-269, vols. 1-3, Vatican City, 1963-1972.","edition_reference","E31 Document","PRG-001"
"ref-prg-002-0-edition-cyrille-vogel-and-reinhard-elze-le-pontifical-romano-germanique-du-dixie","Edition: Cyrille Vogel and Reinhard Elze, Le pontifical romano-germanique du dixieme siecle, Studi e testi 226-227-269, vols. 1-3, Vatican City, 1963-1972.","edition_reference","E31 Document","PRG-002"
"ref-prg-003-0-edition-cyrille-vogel-and-reinhard-elze-le-pontifical-romano-germanique-du-dixie","Edition: Cyrille Vogel and Reinhard Elze, Le pontifical romano-germanique du dixieme siecle, Studi e testi 226-227-269, vols. 1-3, Vatican City, 1963-1972.","edition_reference","E31 Document","PRG-003"
"ref-prg-004-0-edition-cyrille-vogel-and-reinhard-elze-le-pontifical-romano-germanique-du-dixie","Edition: Cyrille Vogel and Reinhard Elze, Le pontifical romano-germanique du dixieme siecle, Studi e testi 226-227-269, vols. 1-3, Vatican City, 1963-1972.","edition_reference","E31 Document","PRG-004"
"ref-prg-005-0-edition-cyrille-vogel-and-reinhard-elze-le-pontifical-romano-germanique-du-dixie","Edition: Cyrille Vogel and Reinhard Elze, Le pontifical romano-germanique du dixieme siecle, Studi e testi 226-227-269, vols. 1-3, Vatican City, 1963-1972.","edition_reference","E31 Document","PRG-005"
"ref-prg-006-0-edition-cyrille-vogel-and-reinhard-elze-le-pontifical-romano-germanique-du-dixie","Edition: Cyrille Vogel and Reinhard Elze, Le pontifical romano-germanique du dixieme siecle, Studi e testi 226-227-269, vols. 1-3, Vatican City, 1963-1972.","edition_reference","E31 Document","PRG-006"
"ref-prg-007-0-edition-cyrille-vogel-and-reinhard-elze-le-pontifical-romano-germanique-du-dixie","Edition: Cyrille Vogel and Reinhard Elze, Le pontifical romano-germanique du dixieme siecle, Studi e testi 226-227-269, vols. 1-3, Vatican City, 1963-1972.","edition_reference","E31 Document","PRG-007"
"ref-prg-008-0-edition-cyrille-vogel-and-reinhard-elze-le-pontifical-romano-germanique-du-dixie","Edition: Cyrille Vogel and Reinhard Elze, Le pontifical romano-germanique du dixieme siecle, Studi e testi 226-227-269, vols. 1-3, Vatican City, 1963-1972.","edition_reference","E31 Document","PRG-008"
"ref-prg-009-0-edition-cyrille-vogel-and-reinhard-elze-le-pontifical-romano-germanique-du-dixie","Edition: Cyrille Vogel and Reinhard Elze, Le pontifical romano-germanique du dixieme siecle, Studi e testi 226-227-269, vols. 1-3, Vatican City, 1963-1972.","edition_reference","E31 Document","PRG-009"
"ref-prg-010-0-edition-cyrille-vogel-and-reinhard-elze-le-pontifical-romano-germanique-du-dixie","Edition: Cyrille Vogel and Reinhard Elze, Le pontifical romano-germanique du dixieme siecle, Studi e testi 226-227-269, vols. 1-3, Vatican City, 1963-1972.","edition_reference","E31 Document","PRG-010"
"ref-prg-011-0-edition-cyrille-vogel-and-reinhard-elze-le-pontifical-romano-germanique-du-dixie","Edition: Cyrille Vogel and Reinhard Elze, Le pontifical romano-germanique du dixieme siecle, Studi e testi 226-227-269, vols. 1-3, Vatican City, 1963-1972.","edition_reference","E31 Document","PRG-011"
"ref-prg-012-0-edition-cyrille-vogel-and-reinhard-elze-le-pontifical-romano-germanique-du-dixie","Edition: Cyrille Vogel and Reinhard Elze, Le pontifical romano-germanique du dixieme siecle, Studi e testi 226-227-269, vols. 1-3, Vatican City, 1963-1972.","edition_reference","E31 Document","PRG-012"
"ref-prg-013-0-edition-cyrille-vogel-and-reinhard-elze-le-pontifical-romano-germanique-du-dixie","Edition: Cyrille Vogel and Reinhard Elze, Le pontifical romano-germanique du dixieme siecle, Studi e testi 226-227-269, vols. 1-3, Vatican City, 1963-1972.","edition_reference","E31 Document","PRG-013"
"ref-prg-014-0-edition-cyrille-vogel-and-reinhard-elze-le-pontifical-romano-germanique-du-dixie","Edition: Cyrille Vogel and Reinhard Elze, Le pontifical romano-germanique du dixieme siecle, Studi e testi 226-227-269, vols. 1-3, Vatican City, 1963-1972.","edition_reference","E31 Document","PRG-014"
"ref-prg-015-0-edition-cyrille-vogel-and-reinhard-elze-le-pontifical-romano-germanique-du-dixie","Edition: Cyrille Vogel and Reinhard Elze, Le pontifical romano-germanique du dixieme siecle, Studi e testi 226-227-269, vols. 1-3, Vatican City, 1963-1972.","edition_reference","E31 Document","PRG-015"
"ref-prg-016-0-edition-cyrille-vogel-and-reinhard-elze-le-pontifical-romano-germanique-du-dixie","Edition: Cyrille Vogel and Reinhard Elze, Le pontifical romano-germanique du dixieme siecle, Studi e testi 226-227-269, vols. 1-3, Vatican City, 1963-1972.","edition_reference","E31 Document","PRG-016"
"ref-prg-017-0-edition-cyrille-vogel-and-reinhard-elze-le-pontifical-romano-germanique-du-dixie","Edition: Cyrille Vogel and Reinhard Elze, Le pontifical romano-germanique du dixieme siecle, Studi e testi 226-227-269, vols. 1-3, Vatican City, 1963-1972.","edition_reference","E31 Document","PRG-017"
"ref-prg-018-0-edition-cyrille-vogel-and-reinhard-elze-le-pontifical-romano-germanique-du-dixie","Edition: Cyrille Vogel and Reinhard Elze, Le pontifical romano-germanique du dixieme siecle, Studi e testi 226-227-269, vols. 1-3, Vatican City, 1963-1972.","edition_reference","E31 Document","PRG-018"
"ref-prg-019-0-edition-cyrille-vogel-and-reinhard-elze-le-pontifical-romano-germanique-du-dixie","Edition: Cyrille Vogel and Reinhard Elze, Le pontifical romano-germanique du dixieme siecle, Studi e testi 226-227-269, vols. 1-3, Vatican City, 1963-1972.","edition_reference","E31 Document","PRG-019"
"ref-prg-020-0-edition-cyrille-vogel-and-reinhard-elze-le-pontifical-romano-germanique-du-dixie","Edition: Cyrille Vogel and Reinhard Elze, Le pontifical romano-germanique du dixieme siecle, Studi e testi 226-227-269, vols. 1-3, Vatican City, 1963-1972.","edition_reference","E31 Document","PRG-020"
"ref-prg-021-0-edition-cyrille-vogel-and-reinhard-elze-le-pontifical-romano-germanique-du-dixie","Edition: Cyrille Vogel and Reinhard Elze, Le pontifical romano-germanique du dixieme siecle, Studi e testi 226-227-269, vols. 1-3, Vatican City, 1963-1972.","edition_reference","E31 Document","PRG-021"
"ref-prg-022-0-edition-cyrille-vogel-and-reinhard-elze-le-pontifical-romano-germanique-du-dixie","Edition: Cyrille Vogel and Reinhard Elze, Le pontifical romano-germanique du dixieme siecle, Studi e testi 226-227-269, vols. 1-3, Vatican City, 1963-1972.","edition_reference","E31 Document","PRG-022"
"ref-prg-023-0-edition-cyrille-vogel-and-reinhard-elze-le-pontifical-romano-germanique-du-dixie","Edition: Cyrille Vogel and Reinhard Elze, Le pontifical romano-germanique du dixieme siecle, Studi e testi 226-227-269, vols. 1-3, Vatican City, 1963-1972.","edition_reference","E31 Document","PRG-023"
"ref-prg-024-0-edition-cyrille-vogel-and-reinhard-elze-le-pontifical-romano-germanique-du-dixie","Edition: Cyrille Vogel and Reinhard Elze, Le pontifical romano-germanique du dixieme siecle, Studi e testi 226-227-269, vols. 1-3, Vatican City, 1963-1972.","edition_reference","E31 Document","PRG-024"
"ref-prg-026-0-edition-cyrille-vogel-and-reinhard-elze-le-pontifical-romano-germanique-du-dixie","Edition: Cyrille Vogel and Reinhard Elze, Le pontifical romano-germanique du dixieme siecle, Studi e testi 226-227-269, vols. 1-3, Vatican City, 1963-1972.","edition_reference","E31 Document","PRG-026"
"ref-prg-027-0-edition-cyrille-vogel-and-reinhard-elze-le-pontifical-romano-germanique-du-dixie","Edition: Cyrille Vogel and Reinhard Elze, Le pontifical romano-germanique du dixieme siecle, Studi e testi 226-227-269, vols. 1-3, Vatican City, 1963-1972.","edition_reference","E31 Document","PRG-027"
"ref-prg-028-0-edition-cyrille-vogel-and-reinhard-elze-le-pontifical-romano-germanique-du-dixie","Edition: Cyrille Vogel and Reinhard Elze, Le pontifical romano-germanique du dixieme siecle, Studi e testi 226-227-269, vols. 1-3, Vatican City, 1963-1972.","edition_reference","E31 Document","PRG-028"
"ref-prg-029-0-edition-cyrille-vogel-and-reinhard-elze-le-pontifical-romano-germanique-du-dixie","Edition: Cyrille Vogel and Reinhard Elze, Le pontifical romano-germanique du dixieme siecle, Studi e testi 226-227-269, vols. 1-3, Vatican City, 1963-1972.","edition_reference","E31 Document","PRG-029"
"ref-prg-030-0-edition-cyrille-vogel-and-reinhard-elze-le-pontifical-romano-germanique-du-dixie","Edition: Cyrille Vogel and Reinhard Elze, Le pontifical romano-germanique du dixieme siecle, Studi e testi 226-227-269, vols. 1-3, Vatican City, 1963-1972.","edition_reference","E31 Document","PRG-030"
"ref-prg-031-0-edition-cyrille-vogel-and-reinhard-elze-le-pontifical-romano-germanique-du-dixie","Edition: Cyrille Vogel and Reinhard Elze, Le pontifical romano-germanique du dixieme siecle, Studi e testi 226-227-269, vols. 1-3, Vatican City, 1963-1972.","edition_reference","E31 Document","PRG-031"
"ref-prg-033-0-edition-cyrille-vogel-and-reinhard-elze-le-pontifical-romano-germanique-du-dixie","Edition: Cyrille Vogel and Reinhard Elze, Le pontifical romano-germanique du dixieme siecle, Studi e testi 226-227-269, vols. 1-3, Vatican City, 1963-1972.","edition_reference","E31 Document","PRG-033"
"ref-prg-034-0-edition-cyrille-vogel-and-reinhard-elze-le-pontifical-romano-germanique-du-dixie","Edition: Cyrille Vogel and Reinhard Elze, Le pontifical romano-germanique du dixieme siecle, Studi e testi 226-227-269, vols. 1-3, Vatican City, 1963-1972.","edition_reference","E31 Document","PRG-034"
"ref-prg-035-0-edition-cyrille-vogel-and-reinhard-elze-le-pontifical-romano-germanique-du-dixie","Edition: Cyrille Vogel and Reinhard Elze, Le pontifical romano-germanique du dixieme siecle, Studi e testi 226-227-269, vols. 1-3, Vatican City, 1963-1972.","edition_reference","E31 Document","PRG-035"
"ref-prg-036-0-edition-cyrille-vogel-and-reinhard-elze-le-pontifical-romano-germanique-du-dixie","Edition: Cyrille Vogel and Reinhard Elze, Le pontifical romano-germanique du dixieme siecle, Studi e testi 226-227-269, vols. 1-3, Vatican City, 1963-1972.","edition_reference","E31 Document","PRG-036"
"ref-prg-037-0-edition-cyrille-vogel-and-reinhard-elze-le-pontifical-romano-germanique-du-dixie","Edition: Cyrille Vogel and Reinhard Elze, Le pontifical romano-germanique du dixieme siecle, Studi e testi 226-227-269, vols. 1-3, Vatican City, 1963-1972.","edition_reference","E31 Document","PRG-037"
"ref-prg-038-0-edition-cyrille-vogel-and-reinhard-elze-le-pontifical-romano-germanique-du-dixie","Edition: Cyrille Vogel and Reinhard Elze, Le pontifical romano-germanique du dixieme siecle, Studi e testi 226-227-269, vols. 1-3, Vatican City, 1963-1972.","edition_reference","E31 Document","PRG-038"
"ref-prg-039-0-edition-cyrille-vogel-and-reinhard-elze-le-pontifical-romano-germanique-du-dixie","Edition: Cyrille Vogel and Reinhard Elze, Le pontifical romano-germanique du dixieme siecle, Studi e testi 226-227-269, vols. 1-3, Vatican City, 1963-1972.","edition_reference","E31 Document","PRG-039"
"ref-prg-040-0-edition-cyrille-vogel-and-reinhard-elze-le-pontifical-romano-germanique-du-dixie","Edition: Cyrille Vogel and Reinhard Elze, Le pontifical romano-germanique du dixieme siecle, Studi e testi 226-227-269, vols. 1-3, Vatican City, 1963-1972.","edition_reference","E31 Document","PRG-040"
"ref-prg-041-0-edition-cyrille-vogel-and-reinhard-elze-le-pontifical-romano-germanique-du-dixie","Edition: Cyrille Vogel and Reinhard Elze, Le pontifical romano-germanique du dixieme siecle, Studi e testi 226-227-269, vols. 1-3, Vatican City, 1963-1972.","edition_reference","E31 Document","PRG-041"
"ref-prg-042-0-edition-cyrille-vogel-and-reinhard-elze-le-pontifical-romano-germanique-du-dixie","Edition: Cyrille Vogel and Reinhard Elze, Le pontifical romano-germanique du dixieme siecle, Studi e testi 226-227-269, vols. 1-3, Vatican City, 1963-1972.","edition_reference","E31 Document","PRG-042"
"ref-prg-043-0-edition-cyrille-vogel-and-reinhard-elze-le-pontifical-romano-germanique-du-dixie","Edition: Cyrille Vogel and Reinhard Elze, Le pontifical romano-germanique du dixieme siecle, Studi e testi 226-227-269, vols. 1-3, Vatican City, 1963-1972.","edition_reference","E31 Document","PRG-043"
"ref-prg-044-0-edition-cyrille-vogel-and-reinhard-elze-le-pontifical-romano-germanique-du-dixie","Edition: Cyrille Vogel and Reinhard Elze, Le pontifical romano-germanique du dixieme siecle, Studi e testi 226-227-269, vols. 1-3, Vatican City, 1963-1972.","edition_reference","E31 Document","PRG-044"
"ref-prg-045-0-edition-cyrille-vogel-and-reinhard-elze-le-pontifical-romano-germanique-du-dixie","Edition: Cyrille Vogel and Reinhard Elze, Le pontifical romano-germanique du dixieme siecle, Studi e testi 226-227-269, vols. 1-3, Vatican City, 1963-1972.","edition_reference","E31 Document","PRG-045"
"ref-prg-046-0-edition-cyrille-vogel-and-reinhard-elze-le-pontifical-romano-germanique-du-dixie","Edition: Cyrille Vogel and Reinhard Elze, Le pontifical romano-germanique du dixieme siecle, Studi e testi 226-227-269, vols. 1-3, Vatican City, 1963-1972.","edition_reference","E31 Document","PRG-046"
"ref-prg-047-0-edition-cyrille-vogel-and-reinhard-elze-le-pontifical-romano-germanique-du-dixie","Edition: Cyrille Vogel and Reinhard Elze, Le pontifical romano-germanique du dixieme siecle, Studi e testi 226-227-269, vols. 1-3, Vatican City, 1963-1972.","edition_reference","E31 Document","PRG-047"
"ref-prg-049-0-edition-cyrille-vogel-and-reinhard-elze-le-pontifical-romano-germanique-du-dixie","Edition: Cyrille Vogel and Reinhard Elze, Le pontifical romano-germanique du dixieme siecle, Studi e testi 226-227-269, vols. 1-3, Vatican City, 1963-1972.","edition_reference","E31 Document","PRG-049"
"ref-prg-050-0-edition-cyrille-vogel-and-reinhard-elze-le-pontifical-romano-germanique-du-dixie","Edition: Cyrille Vogel and Reinhard Elze, Le pontifical romano-germanique du dixieme siecle, Studi e testi 226-227-269, vols. 1-3, Vatican City, 1963-1972.","edition_reference","E31 Document","PRG-050"
"ref-prg-051-0-edition-cyrille-vogel-and-reinhard-elze-le-pontifical-romano-germanique-du-dixie","Edition: Cyrille Vogel and Reinhard Elze, Le pontifical romano-germanique du dixieme siecle, Studi e testi 226-227-269, vols. 1-3, Vatican City, 1963-1972.","edition_reference","E31 Document","PRG-051"
"ref-prg-052-0-edition-cyrille-vogel-and-reinhard-elze-le-pontifical-romano-germanique-du-dixie","Edition: Cyrille Vogel and Reinhard Elze, Le pontifical romano-germanique du dixieme siecle, Studi e testi 226-227-269, vols. 1-3, Vatican City, 1963-1972.","edition_reference","E31 Document","PRG-052"
"ref-prg-053-0-edition-cyrille-vogel-and-reinhard-elze-le-pontifical-romano-germanique-du-dixie","Edition: Cyrille Vogel and Reinhard Elze, Le pontifical romano-germanique du dixieme siecle, Studi e testi 226-227-269, vols. 1-3, Vatican City, 1963-1972.","edition_reference","E31 Document","PRG-053"
"ref-prg-054-0-edition-cyrille-vogel-and-reinhard-elze-le-pontifical-romano-germanique-du-dixie","Edition: Cyrille Vogel and Reinhard Elze, Le pontifical romano-germanique du dixieme siecle, Studi e testi 226-227-269, vols. 1-3, Vatican City, 1963-1972.","edition_reference","E31 Document","PRG-054"
"ref-prg-055-0-edition-cyrille-vogel-and-reinhard-elze-le-pontifical-romano-germanique-du-dixie","Edition: Cyrille Vogel and Reinhard Elze, Le pontifical romano-germanique du dixieme siecle, Studi e testi 226-227-269, vols. 1-3, Vatican City, 1963-1972.","edition_reference","E31 Document","PRG-055"
"ref-prg-056-0-edition-cyrille-vogel-and-reinhard-elze-le-pontifical-romano-germanique-du-dixie","Edition: Cyrille Vogel and Reinhard Elze, Le pontifical romano-germanique du dixieme siecle, Studi e testi 226-227-269, vols. 1-3, Vatican City, 1963-1972.","edition_reference","E31 Document","PRG-056"
"ref-prg-057-0-edition-cyrille-vogel-and-reinhard-elze-le-pontifical-romano-germanique-du-dixie","Edition: Cyrille Vogel and Reinhard Elze, Le pontifical romano-germanique du dixieme siecle, Studi e testi 226-227-269, vols. 1-3, Vatican City, 1963-1972.","edition_reference","E31 Document","PRG-057"
"ref-prg-058-0-edition-cyrille-vogel-and-reinhard-elze-le-pontifical-romano-germanique-du-dixie","Edition: Cyrille Vogel and Reinhard Elze, Le pontifical romano-germanique du dixieme siecle, Studi e testi 226-227-269, vols. 1-3, Vatican City, 1963-1972.","edition_reference","E31 Document","PRG-058"
"ref-prg-059-0-edition-cyrille-vogel-and-reinhard-elze-le-pontifical-romano-germanique-du-dixie","Edition: Cyrille Vogel and Reinhard Elze, Le pontifical romano-germanique du dixieme siecle, Studi e testi 226-227-269, vols. 1-3, Vatican City, 1963-1972.","edition_reference","E31 Document","PRG-059"
"ref-prg-060-0-edition-cyrille-vogel-and-reinhard-elze-le-pontifical-romano-germanique-du-dixie","Edition: Cyrille Vogel and Reinhard Elze, Le pontifical romano-germanique du dixieme siecle, Studi e testi 226-227-269, vols. 1-3, Vatican City, 1963-1972.","edition_reference","E31 Document","PRG-060"
"ref-prg-061-0-edition-cyrille-vogel-and-reinhard-elze-le-pontifical-romano-germanique-du-dixie","Edition: Cyrille Vogel and Reinhard Elze, Le pontifical romano-germanique du dixieme siecle, Studi e testi 226-227-269, vols. 1-3, Vatican City, 1963-1972.","edition_reference","E31 Document","PRG-061"
"ref-prg-062-0-edition-cyrille-vogel-and-reinhard-elze-le-pontifical-romano-germanique-du-dixie","Edition: Cyrille Vogel and Reinhard Elze, Le pontifical romano-germanique du dixieme siecle, Studi e testi 226-227-269, vols. 1-3, Vatican City, 1963-1972.","edition_reference","E31 Document","PRG-062"
"ref-prg-063-0-edition-cyrille-vogel-and-reinhard-elze-le-pontifical-romano-germanique-du-dixie","Edition: Cyrille Vogel and Reinhard Elze, Le pontifical romano-germanique du dixieme siecle, Studi e testi 226-227-269, vols. 1-3, Vatican City, 1963-1972.","edition_reference","E31 Document","PRG-063"
"ref-prg-064-0-edition-cyrille-vogel-and-reinhard-elze-le-pontifical-romano-germanique-du-dixie","Edition: Cyrille Vogel and Reinhard Elze, Le pontifical romano-germanique du dixieme siecle, Studi e testi 226-227-269, vols. 1-3, Vatican City, 1963-1972.","edition_reference","E31 Document","PRG-064"
"ref-prg-065-0-edition-cyrille-vogel-and-reinhard-elze-le-pontifical-romano-germanique-du-dixie","Edition: Cyrille Vogel and Reinhard Elze, Le pontifical romano-germanique du dixieme siecle, Studi e testi 226-227-269, vols. 1-3, Vatican City, 1963-1972.","edition_reference","E31 Document","PRG-065"
"ref-prg-066-0-edition-cyrille-vogel-and-reinhard-elze-le-pontifical-romano-germanique-du-dixie","Edition: Cyrille Vogel and Reinhard Elze, Le pontifical romano-germanique du dixieme siecle, Studi e testi 226-227-269, vols. 1-3, Vatican City, 1963-1972.","edition_reference","E31 Document","PRG-066"
"ref-prg-067-0-edition-cyrille-vogel-and-reinhard-elze-le-pontifical-romano-germanique-du-dixie","Edition: Cyrille Vogel and Reinhard Elze, Le pontifical romano-germanique du dixieme siecle, Studi e testi 226-227-269, vols. 1-3, Vatican City, 1963-1972.","edition_reference","E31 Document","PRG-067"
"ref-prg-068-0-edition-cyrille-vogel-and-reinhard-elze-le-pontifical-romano-germanique-du-dixie","Edition: Cyrille Vogel and Reinhard Elze, Le pontifical romano-germanique du dixieme siecle, Studi e testi 226-227-269, vols. 1-3, Vatican City, 1963-1972.","edition_reference","E31 Document","PRG-068"
"ref-prg-069-0-edition-cyrille-vogel-and-reinhard-elze-le-pontifical-romano-germanique-du-dixie","Edition: Cyrille Vogel and Reinhard Elze, Le pontifical romano-germanique du dixieme siecle, Studi e testi 226-227-269, vols. 1-3, Vatican City, 1963-1972.","edition_reference","E31 Document","PRG-069"
"ref-prg-070-0-edition-cyrille-vogel-and-reinhard-elze-le-pontifical-romano-germanique-du-dixie","Edition: Cyrille Vogel and Reinhard Elze, Le pontifical romano-germanique du dixieme siecle, Studi e testi 226-227-269, vols. 1-3, Vatican City, 1963-1972.","edition_reference","E31 Document","PRG-070"
"ref-prg-071-0-edition-cyrille-vogel-and-reinhard-elze-le-pontifical-romano-germanique-du-dixie","Edition: Cyrille Vogel and Reinhard Elze, Le pontifical romano-germanique du dixieme siecle, Studi e testi 226-227-269, vols. 1-3, Vatican City, 1963-1972.","edition_reference","E31 Document","PRG-071"
"ref-prg-072-0-edition-cyrille-vogel-and-reinhard-elze-le-pontifical-romano-germanique-du-dixie","Edition: Cyrille Vogel and Reinhard Elze, Le pontifical romano-germanique du dixieme siecle, Studi e testi 226-227-269, vols. 1-3, Vatican City, 1963-1972.","edition_reference","E31 Document","PRG-072"
"ref-prg-073-0-edition-cyrille-vogel-and-reinhard-elze-le-pontifical-romano-germanique-du-dixie","Edition: Cyrille Vogel and Reinhard Elze, Le pontifical romano-germanique du dixieme siecle, Studi e testi 226-227-269, vols. 1-3, Vatican City, 1963-1972.","edition_reference","E31 Document","PRG-073"
"ref-prg-074-0-edition-cyrille-vogel-and-reinhard-elze-le-pontifical-romano-germanique-du-dixie","Edition: Cyrille Vogel and Reinhard Elze, Le pontifical romano-germanique du dixieme siecle, Studi e testi 226-227-269, vols. 1-3, Vatican City, 1963-1972.","edition_reference","E31 Document","PRG-074"
"ref-prg-075-0-edition-cyrille-vogel-and-reinhard-elze-le-pontifical-romano-germanique-du-dixie","Edition: Cyrille Vogel and Reinhard Elze, Le pontifical romano-germanique du dixieme siecle, Studi e testi 226-227-269, vols. 1-3, Vatican City, 1963-1972.","edition_reference","E31 Document","PRG-075"
"ref-prg-076-0-edition-cyrille-vogel-and-reinhard-elze-le-pontifical-romano-germanique-du-dixie","Edition: Cyrille Vogel and Reinhard Elze, Le pontifical romano-germanique du dixieme siecle, Studi e testi 226-227-269, vols. 1-3, Vatican City, 1963-1972.","edition_reference","E31 Document","PRG-076"
"ref-prg-077-0-edition-cyrille-vogel-and-reinhard-elze-le-pontifical-romano-germanique-du-dixie","Edition: Cyrille Vogel and Reinhard Elze, Le pontifical romano-germanique du dixieme siecle, Studi e testi 226-227-269, vols. 1-3, Vatican City, 1963-1972.","edition_reference","E31 Document","PRG-077"
"ref-prg-078-0-edition-cyrille-vogel-and-reinhard-elze-le-pontifical-romano-germanique-du-dixie","Edition: Cyrille Vogel and Reinhard Elze, Le pontifical romano-germanique du dixieme siecle, Studi e testi 226-227-269, vols. 1-3, Vatican City, 1963-1972.","edition_reference","E31 Document","PRG-078"
"ref-prg-079-0-edition-cyrille-vogel-and-reinhard-elze-le-pontifical-romano-germanique-du-dixie","Edition: Cyrille Vogel and Reinhard Elze, Le pontifical romano-germanique du dixieme siecle, Studi e testi 226-227-269, vols. 1-3, Vatican City, 1963-1972.","edition_reference","E31 Document","PRG-079"
"ref-prg-080-0-edition-cyrille-vogel-and-reinhard-elze-le-pontifical-romano-germanique-du-dixie","Edition: Cyrille Vogel and Reinhard Elze, Le pontifical romano-germanique du dixieme siecle, Studi e testi 226-227-269, vols. 1-3, Vatican City, 1963-1972.","edition_reference","E31 Document","PRG-080"
"ref-prg-081-0-edition-cyrille-vogel-and-reinhard-elze-le-pontifical-romano-germanique-du-dixie","Edition: Cyrille Vogel and Reinhard Elze, Le pontifical romano-germanique du dixieme siecle, Studi e testi 226-227-269, vols. 1-3, Vatican City, 1963-1972.","edition_reference","E31 Document","PRG-081"
"ref-prg-082-0-edition-cyrille-vogel-and-reinhard-elze-le-pontifical-romano-germanique-du-dixie","Edition: Cyrille Vogel and Reinhard Elze, Le pontifical romano-germanique du dixieme siecle, Studi e testi 226-227-269, vols. 1-3, Vatican City, 1963-1972.","edition_reference","E31 Document","PRG-082"
"ref-prg-083-0-edition-cyrille-vogel-and-reinhard-elze-le-pontifical-romano-germanique-du-dixie","Edition: Cyrille Vogel and Reinhard Elze, Le pontifical romano-germanique du dixieme siecle, Studi e testi 226-227-269, vols. 1-3, Vatican City, 1963-1972.","edition_reference","E31 Document","PRG-083"
"ref-prg-084-0-edition-cyrille-vogel-and-reinhard-elze-le-pontifical-romano-germanique-du-dixie","Edition: Cyrille Vogel and Reinhard Elze, Le pontifical romano-germanique du dixieme siecle, Studi e testi 226-227-269, vols. 1-3, Vatican City, 1963-1972.","edition_reference","E31 Document","PRG-084"
"ref-prg-085-0-edition-cyrille-vogel-and-reinhard-elze-le-pontifical-romano-germanique-du-dixie","Edition: Cyrille Vogel and Reinhard Elze, Le pontifical romano-germanique du dixieme siecle, Studi e testi 226-227-269, vols. 1-3, Vatican City, 1963-1972.","edition_reference","E31 Document","PRG-085"
"ref-prg-086-0-edition-cyrille-vogel-and-reinhard-elze-le-pontifical-romano-germanique-du-dixie","Edition: Cyrille Vogel and Reinhard Elze, Le pontifical romano-germanique du dixieme siecle, Studi e testi 226-227-269, vols. 1-3, Vatican City, 1963-1972.","edition_reference","E31 Document","PRG-086"
"ref-prg-087-0-edition-cyrille-vogel-and-reinhard-elze-le-pontifical-romano-germanique-du-dixie","Edition: Cyrille Vogel and Reinhard Elze, Le pontifical romano-germanique du dixieme siecle, Studi e testi 226-227-269, vols. 1-3, Vatican City, 1963-1972.","edition_reference","E31 Document","PRG-087"
"ref-prg-089-0-edition-cyrille-vogel-and-reinhard-elze-le-pontifical-romano-germanique-du-dixie","Edition: Cyrille Vogel and Reinhard Elze, Le pontifical romano-germanique du dixieme siecle, Studi e testi 226-227-269, vols. 1-3, Vatican City, 1963-1972.","edition_reference","E31 Document","PRG-089"
"ref-prg-091-0-edition-cyrille-vogel-and-reinhard-elze-le-pontifical-romano-germanique-du-dixie","Edition: Cyrille Vogel and Reinhard Elze, Le pontifical romano-germanique du dixieme siecle, Studi e testi 226-227-269, vols. 1-3, Vatican City, 1963-1972.","edition_reference","E31 Document","PRG-091"
"ref-prg-092-0-edition-cyrille-vogel-and-reinhard-elze-le-pontifical-romano-germanique-du-dixie","Edition: Cyrille Vogel and Reinhard Elze, Le pontifical romano-germanique du dixieme siecle, Studi e testi 226-227-269, vols. 1-3, Vatican City, 1963-1972.","edition_reference","E31 Document","PRG-092"
"ref-prg-093-0-edition-cyrille-vogel-and-reinhard-elze-le-pontifical-romano-germanique-du-dixie","Edition: Cyrille Vogel and Reinhard Elze, Le pontifical romano-germanique du dixieme siecle, Studi e testi 226-227-269, vols. 1-3, Vatican City, 1963-1972.","edition_reference","E31 Document","PRG-093"
"ref-prg-094-0-edition-cyrille-vogel-and-reinhard-elze-le-pontifical-romano-germanique-du-dixie","Edition: Cyrille Vogel and Reinhard Elze, Le pontifical romano-germanique du dixieme siecle, Studi e testi 226-227-269, vols. 1-3, Vatican City, 1963-1972.","edition_reference","E31 Document","PRG-094"
"ref-prg-095-0-edition-cyrille-vogel-and-reinhard-elze-le-pontifical-romano-germanique-du-dixie","Edition: Cyrille Vogel and Reinhard Elze, Le pontifical romano-germanique du dixieme siecle, Studi e testi 226-227-269, vols. 1-3, Vatican City, 1963-1972.","edition_reference","E31 Document","PRG-095"
"ref-prg-097-0-edition-cyrille-vogel-and-reinhard-elze-le-pontifical-romano-germanique-du-dixie","Edition: Cyrille Vogel and Reinhard Elze, Le pontifical romano-germanique du dixieme siecle, Studi e testi 226-227-269, vols. 1-3, Vatican City, 1963-1972.","edition_reference","E31 Document","PRG-097"
"ref-prg-098-0-edition-cyrille-vogel-and-reinhard-elze-le-pontifical-romano-germanique-du-dixie","Edition: Cyrille Vogel and Reinhard Elze, Le pontifical romano-germanique du dixieme siecle, Studi e testi 226-227-269, vols. 1-3, Vatican City, 1963-1972.","edition_reference","E31 Document","PRG-098"
"ref-prg-099-0-edition-cyrille-vogel-and-reinhard-elze-le-pontifical-romano-germanique-du-dixie","Edition: Cyrille Vogel and Reinhard Elze, Le pontifical romano-germanique du dixieme siecle, Studi e testi 226-227-269, vols. 1-3, Vatican City, 1963-1972.","edition_reference","E31 Document","PRG-099"
"ref-prg-100-0-edition-cyrille-vogel-and-reinhard-elze-le-pontifical-romano-germanique-du-dixie","Edition: Cyrille Vogel and Reinhard Elze, Le pontifical romano-germanique du dixieme siecle, Studi e testi 226-227-269, vols. 1-3, Vatican City, 1963-1972.","edition_reference","E31 Document","PRG-100"
"ref-prg-101-0-edition-cyrille-vogel-and-reinhard-elze-le-pontifical-romano-germanique-du-dixie","Edition: Cyrille Vogel and Reinhard Elze, Le pontifical romano-germanique du dixieme siecle, Studi e testi 226-227-269, vols. 1-3, Vatican City, 1963-1972.","edition_reference","E31 Document","PRG-101"
"ref-prg-102-0-edition-cyrille-vogel-and-reinhard-elze-le-pontifical-romano-germanique-du-dixie","Edition: Cyrille Vogel and Reinhard Elze, Le pontifical romano-germanique du dixieme siecle, Studi e testi 226-227-269, vols. 1-3, Vatican City, 1963-1972.","edition_reference","E31 Document","PRG-102"
"ref-prg-104-0-edition-cyrille-vogel-and-reinhard-elze-le-pontifical-romano-germanique-du-dixie","Edition: Cyrille Vogel and Reinhard Elze, Le pontifical romano-germanique du dixieme siecle, Studi e testi 226-227-269, vols. 1-3, Vatican City, 1963-1972.","edition_reference","E31 Document","PRG-104"
"ref-prg-106-0-edition-cyrille-vogel-and-reinhard-elze-le-pontifical-romano-germanique-du-dixie","Edition: Cyrille Vogel and Reinhard Elze, Le pontifical romano-germanique du dixieme siecle, Studi e testi 226-227-269, vols. 1-3, Vatican City, 1963-1972.","edition_reference","E31 Document","PRG-106"
"ref-prg-107-0-edition-cyrille-vogel-and-reinhard-elze-le-pontifical-romano-germanique-du-dixie","Edition: Cyrille Vogel and Reinhard Elze, Le pontifical romano-germanique du dixieme siecle, Studi e testi 226-227-269, vols. 1-3, Vatican City, 1963-1972.","edition_reference","E31 Document","PRG-107"
"ref-prg-108-0-edition-cyrille-vogel-and-reinhard-elze-le-pontifical-romano-germanique-du-dixie","Edition: Cyrille Vogel and Reinhard Elze, Le pontifical romano-germanique du dixieme siecle, Studi e testi 226-227-269, vols. 1-3, Vatican City, 1963-1972.","edition_reference","E31 Document","PRG-108"
"ref-prg-109-0-edition-cyrille-vogel-and-reinhard-elze-le-pontifical-romano-germanique-du-dixie","Edition: Cyrille Vogel and Reinhard Elze, Le pontifical romano-germanique du dixieme siecle, Studi e testi 226-227-269, vols. 1-3, Vatican City, 1963-1972.","edition_reference","E31 Document","PRG-109"
"ref-prg-110-0-edition-cyrille-vogel-and-reinhard-elze-le-pontifical-romano-germanique-du-dixie","Edition: Cyrille Vogel and Reinhard Elze, Le pontifical romano-germanique du dixieme siecle, Studi e testi 226-227-269, vols. 1-3, Vatican City, 1963-1972.","edition_reference","E31 Document","PRG-110"
"ref-prg-111-0-edition-cyrille-vogel-and-reinhard-elze-le-pontifical-romano-germanique-du-dixie","Edition: Cyrille Vogel and Reinhard Elze, Le pontifical romano-germanique du dixieme siecle, Studi e testi 226-227-269, vols. 1-3, Vatican City, 1963-1972.","edition_reference","E31 Document","PRG-111"
"ref-prg-112-0-edition-cyrille-vogel-and-reinhard-elze-le-pontifical-romano-germanique-du-dixie","Edition: Cyrille Vogel and Reinhard Elze, Le pontifical romano-germanique du dixieme siecle, Studi e testi 226-227-269, vols. 1-3, Vatican City, 1963-1972.","edition_reference","E31 Document","PRG-112"
"ref-prg-113-0-edition-cyrille-vogel-and-reinhard-elze-le-pontifical-romano-germanique-du-dixie","Edition: Cyrille Vogel and Reinhard Elze, Le pontifical romano-germanique du dixieme siecle, Studi e testi 226-227-269, vols. 1-3, Vatican City, 1963-1972.","edition_reference","E31 Document","PRG-113"
"ref-prg-114-0-edition-cyrille-vogel-and-reinhard-elze-le-pontifical-romano-germanique-du-dixie","Edition: Cyrille Vogel and Reinhard Elze, Le pontifical romano-germanique du dixieme siecle, Studi e testi 226-227-269, vols. 1-3, Vatican City, 1963-1972.","edition_reference","E31 Document","PRG-114"
"ref-prg-115-0-edition-cyrille-vogel-and-reinhard-elze-le-pontifical-romano-germanique-du-dixie","Edition: Cyrille Vogel and Reinhard Elze, Le pontifical romano-germanique du dixieme siecle, Studi e testi 226-227-269, vols. 1-3, Vatican City, 1963-1972.","edition_reference","E31 Document","PRG-115"
"ref-prg-116-0-edition-cyrille-vogel-and-reinhard-elze-le-pontifical-romano-germanique-du-dixie","Edition: Cyrille Vogel and Reinhard Elze, Le pontifical romano-germanique du dixieme siecle, Studi e testi 226-227-269, vols. 1-3, Vatican City, 1963-1972.","edition_reference","E31 Document","PRG-116"
"ref-prg-117-0-edition-cyrille-vogel-and-reinhard-elze-le-pontifical-romano-germanique-du-dixie","Edition: Cyrille Vogel and Reinhard Elze, Le pontifical romano-germanique du dixieme siecle, Studi e testi 226-227-269, vols. 1-3, Vatican City, 1963-1972.","edition_reference","E31 Document","PRG-117"
"ref-prg-118-0-edition-cyrille-vogel-and-reinhard-elze-le-pontifical-romano-germanique-du-dixie","Edition: Cyrille Vogel and Reinhard Elze, Le pontifical romano-germanique du dixieme siecle, Studi e testi 226-227-269, vols. 1-3, Vatican City, 1963-1972.","edition_reference","E31 Document","PRG-118"
"ref-prg-119-0-edition-cyrille-vogel-and-reinhard-elze-le-pontifical-romano-germanique-du-dixie","Edition: Cyrille Vogel and Reinhard Elze, Le pontifical romano-germanique du dixieme siecle, Studi e testi 226-227-269, vols. 1-3, Vatican City, 1963-1972.","edition_reference","E31 Document","PRG-119"
"ref-prg-120-0-edition-cyrille-vogel-and-reinhard-elze-le-pontifical-romano-germanique-du-dixie","Edition: Cyrille Vogel and Reinhard Elze, Le pontifical romano-germanique du dixieme siecle, Studi e testi 226-227-269, vols. 1-3, Vatican City, 1963-1972.","edition_reference","E31 Document","PRG-120"
"ref-prg-121-0-edition-cyrille-vogel-and-reinhard-elze-le-pontifical-romano-germanique-du-dixie","Edition: Cyrille Vogel and Reinhard Elze, Le pontifical romano-germanique du dixieme siecle, Studi e testi 226-227-269, vols. 1-3, Vatican City, 1963-1972.","edition_reference","E31 Document","PRG-121"
"ref-prg-122-0-edition-cyrille-vogel-and-reinhard-elze-le-pontifical-romano-germanique-du-dixie","Edition: Cyrille Vogel and Reinhard Elze, Le pontifical romano-germanique du dixieme siecle, Studi e testi 226-227-269, vols. 1-3, Vatican City, 1963-1972.","edition_reference","E31 Document","PRG-122"
"ref-prg-123-0-edition-cyrille-vogel-and-reinhard-elze-le-pontifical-romano-germanique-du-dixie","Edition: Cyrille Vogel and Reinhard Elze, Le pontifical romano-germanique du dixieme siecle, Studi e testi 226-227-269, vols. 1-3, Vatican City, 1963-1972.","edition_reference","E31 Document","PRG-123"
"ref-prg-124-0-edition-cyrille-vogel-and-reinhard-elze-le-pontifical-romano-germanique-du-dixie","Edition: Cyrille Vogel and Reinhard Elze, Le pontifical romano-germanique du dixieme siecle, Studi e testi 226-227-269, vols. 1-3, Vatican City, 1963-1972.","edition_reference","E31 Document","PRG-124"
"ref-prg-125-0-edition-cyrille-vogel-and-reinhard-elze-le-pontifical-romano-germanique-du-dixie","Edition: Cyrille Vogel and Reinhard Elze, Le pontifical romano-germanique du dixieme siecle, Studi e testi 226-227-269, vols. 1-3, Vatican City, 1963-1972.","edition_reference","E31 Document","PRG-125"
"ref-prg-126-0-edition-cyrille-vogel-and-reinhard-elze-le-pontifical-romano-germanique-du-dixie","Edition: Cyrille Vogel and Reinhard Elze, Le pontifical romano-germanique du dixieme siecle, Studi e testi 226-227-269, vols. 1-3, Vatican City, 1963-1972.","edition_reference","E31 Document","PRG-126"
"ref-prg-127-0-edition-cyrille-vogel-and-reinhard-elze-le-pontifical-romano-germanique-du-dixie","Edition: Cyrille Vogel and Reinhard Elze, Le pontifical romano-germanique du dixieme siecle, Studi e testi 226-227-269, vols. 1-3, Vatican City, 1963-1972.","edition_reference","E31 Document","PRG-127"
"ref-prg-128-0-edition-cyrille-vogel-and-reinhard-elze-le-pontifical-romano-germanique-du-dixie","Edition: Cyrille Vogel and Reinhard Elze, Le pontifical romano-germanique du dixieme siecle, Studi e testi 226-227-269, vols. 1-3, Vatican City, 1963-1972.","edition_reference","E31 Document","PRG-128"
"ref-prg-129-0-edition-cyrille-vogel-and-reinhard-elze-le-pontifical-romano-germanique-du-dixie","Edition: Cyrille Vogel and Reinhard Elze, Le pontifical romano-germanique du dixieme siecle, Studi e testi 226-227-269, vols. 1-3, Vatican City, 1963-1972.","edition_reference","E31 Document","PRG-129"
"ref-prg-130-0-edition-cyrille-vogel-and-reinhard-elze-le-pontifical-romano-germanique-du-dixie","Edition: Cyrille Vogel and Reinhard Elze, Le pontifical romano-germanique du dixieme siecle, Studi e testi 226-227-269, vols. 1-3, Vatican City, 1963-1972.","edition_reference","E31 Document","PRG-130"
"ref-prg-131-0-edition-cyrille-vogel-and-reinhard-elze-le-pontifical-romano-germanique-du-dixie","Edition: Cyrille Vogel and Reinhard Elze, Le pontifical romano-germanique du dixieme siecle, Studi e testi 226-227-269, vols. 1-3, Vatican City, 1963-1972.","edition_reference","E31 Document","PRG-131"
"ref-prg-132-0-edition-cyrille-vogel-and-reinhard-elze-le-pontifical-romano-germanique-du-dixie","Edition: Cyrille Vogel and Reinhard Elze, Le pontifical romano-germanique du dixieme siecle, Studi e testi 226-227-269, vols. 1-3, Vatican City, 1963-1972.","edition_reference","E31 Document","PRG-132"
"ref-prg-133-0-edition-cyrille-vogel-and-reinhard-elze-le-pontifical-romano-germanique-du-dixie","Edition: Cyrille Vogel and Reinhard Elze, Le pontifical romano-germanique du dixieme siecle, Studi e testi 226-227-269, vols. 1-3, Vatican City, 1963-1972.","edition_reference","E31 Document","PRG-133"
"ref-prg-135-0-edition-cyrille-vogel-and-reinhard-elze-le-pontifical-romano-germanique-du-dixie","Edition: Cyrille Vogel and Reinhard Elze, Le pontifical romano-germanique du dixieme siecle, Studi e testi 226-227-269, vols. 1-3, Vatican City, 1963-1972.","edition_reference","E31 Document","PRG-135"
"ref-prg-136-0-edition-cyrille-vogel-and-reinhard-elze-le-pontifical-romano-germanique-du-dixie","Edition: Cyrille Vogel and Reinhard Elze, Le pontifical romano-germanique du dixieme siecle, Studi e testi 226-227-269, vols. 1-3, Vatican City, 1963-1972.","edition_reference","E31 Document","PRG-136"
"ref-prg-137-0-edition-cyrille-vogel-and-reinhard-elze-le-pontifical-romano-germanique-du-dixie","Edition: Cyrille Vogel and Reinhard Elze, Le pontifical romano-germanique du dixieme siecle, Studi e testi 226-227-269, vols. 1-3, Vatican City, 1963-1972.","edition_reference","E31 Document","PRG-137"
"ref-prg-138-0-edition-cyrille-vogel-and-reinhard-elze-le-pontifical-romano-germanique-du-dixie","Edition: Cyrille Vogel and Reinhard Elze, Le pontifical romano-germanique du dixieme siecle, Studi e testi 226-227-269, vols. 1-3, Vatican City, 1963-1972.","edition_reference","E31 Document","PRG-138"
"ref-prg-139-0-edition-cyrille-vogel-and-reinhard-elze-le-pontifical-romano-germanique-du-dixie","Edition: Cyrille Vogel and Reinhard Elze, Le pontifical romano-germanique du dixieme siecle, Studi e testi 226-227-269, vols. 1-3, Vatican City, 1963-1972.","edition_reference","E31 Document","PRG-139"
"ref-prg-140-0-edition-cyrille-vogel-and-reinhard-elze-le-pontifical-romano-germanique-du-dixie","Edition: Cyrille Vogel and Reinhard Elze, Le pontifical romano-germanique du dixieme siecle, Studi e testi 226-227-269, vols. 1-3, Vatican City, 1963-1972.","edition_reference","E31 Document","PRG-140"
"ref-prg-141-0-edition-cyrille-vogel-and-reinhard-elze-le-pontifical-romano-germanique-du-dixie","Edition: Cyrille Vogel and Reinhard Elze, Le pontifical romano-germanique du dixieme siecle, Studi e testi 226-227-269, vols. 1-3, Vatican City, 1963-1972.","edition_reference","E31 Document","PRG-141"
"ref-prg-142-0-edition-cyrille-vogel-and-reinhard-elze-le-pontifical-romano-germanique-du-dixie","Edition: Cyrille Vogel and Reinhard Elze, Le pontifical romano-germanique du dixieme siecle, Studi e testi 226-227-269, vols. 1-3, Vatican City, 1963-1972.","edition_reference","E31 Document","PRG-142"
"ref-prg-143-0-edition-cyrille-vogel-and-reinhard-elze-le-pontifical-romano-germanique-du-dixie","Edition: Cyrille Vogel and Reinhard Elze, Le pontifical romano-germanique du dixieme siecle, Studi e testi 226-227-269, vols. 1-3, Vatican City, 1963-1972.","edition_reference","E31 Document","PRG-143"
"ref-prg-144-0-edition-cyrille-vogel-and-reinhard-elze-le-pontifical-romano-germanique-du-dixie","Edition: Cyrille Vogel and Reinhard Elze, Le pontifical romano-germanique du dixieme siecle, Studi e testi 226-227-269, vols. 1-3, Vatican City, 1963-1972.","edition_reference","E31 Document","PRG-144"
"ref-prg-145-0-edition-cyrille-vogel-and-reinhard-elze-le-pontifical-romano-germanique-du-dixie","Edition: Cyrille Vogel and Reinhard Elze, Le pontifical romano-germanique du dixieme siecle, Studi e testi 226-227-269, vols. 1-3, Vatican City, 1963-1972.","edition_reference","E31 Document","PRG-145"
"ref-prg-146-0-edition-cyrille-vogel-and-reinhard-elze-le-pontifical-romano-germanique-du-dixie","Edition: Cyrille Vogel and Reinhard Elze, Le pontifical romano-germanique du dixieme siecle, Studi e testi 226-227-269, vols. 1-3, Vatican City, 1963-1972.","edition_reference","E31 Document","PRG-146"
"ref-prg-147-0-edition-cyrille-vogel-and-reinhard-elze-le-pontifical-romano-germanique-du-dixie","Edition: Cyrille Vogel and Reinhard Elze, Le pontifical romano-germanique du dixieme siecle, Studi e testi 226-227-269, vols. 1-3, Vatican City, 1963-1972.","edition_reference","E31 Document","PRG-147"
"ref-prg-148-0-edition-cyrille-vogel-and-reinhard-elze-le-pontifical-romano-germanique-du-dixie","Edition: Cyrille Vogel and Reinhard Elze, Le pontifical romano-germanique du dixieme siecle, Studi e testi 226-227-269, vols. 1-3, Vatican City, 1963-1972.","edition_reference","E31 Document","PRG-148"
"ref-prg-149-0-edition-cyrille-vogel-and-reinhard-elze-le-pontifical-romano-germanique-du-dixie","Edition: Cyrille Vogel and Reinhard Elze, Le pontifical romano-germanique du dixieme siecle, Studi e testi 226-227-269, vols. 1-3, Vatican City, 1963-1972.","edition_reference","E31 Document","PRG-149"
"ref-prg-150-0-edition-cyrille-vogel-and-reinhard-elze-le-pontifical-romano-germanique-du-dixie","Edition: Cyrille Vogel and Reinhard Elze, Le pontifical romano-germanique du dixieme siecle, Studi e testi 226-227-269, vols. 1-3, Vatican City, 1963-1972.","edition_reference","E31 Document","PRG-150"
"ref-prg-151-0-edition-cyrille-vogel-and-reinhard-elze-le-pontifical-romano-germanique-du-dixie","Edition: Cyrille Vogel and Reinhard Elze, Le pontifical romano-germanique du dixieme siecle, Studi e testi 226-227-269, vols. 1-3, Vatican City, 1963-1972.","edition_reference","E31 Document","PRG-151"
"ref-prg-152-0-edition-cyrille-vogel-and-reinhard-elze-le-pontifical-romano-germanique-du-dixie","Edition: Cyrille Vogel and Reinhard Elze, Le pontifical romano-germanique du dixieme siecle, Studi e testi 226-227-269, vols. 1-3, Vatican City, 1963-1972.","edition_reference","E31 Document","PRG-152"
"ref-prg-154-0-edition-cyrille-vogel-and-reinhard-elze-le-pontifical-romano-germanique-du-dixie","Edition: Cyrille Vogel and Reinhard Elze, Le pontifical romano-germanique du dixieme siecle, Studi e testi 226-227-269, vols. 1-3, Vatican City, 1963-1972.","edition_reference","E31 Document","PRG-154"
"ref-prg-155-0-edition-cyrille-vogel-and-reinhard-elze-le-pontifical-romano-germanique-du-dixie","Edition: Cyrille Vogel and Reinhard Elze, Le pontifical romano-germanique du dixieme siecle, Studi e testi 226-227-269, vols. 1-3, Vatican City, 1963-1972.","edition_reference","E31 Document","PRG-155"
"ref-prg-156-0-edition-cyrille-vogel-and-reinhard-elze-le-pontifical-romano-germanique-du-dixie","Edition: Cyrille Vogel and Reinhard Elze, Le pontifical romano-germanique du dixieme siecle, Studi e testi 226-227-269, vols. 1-3, Vatican City, 1963-1972.","edition_reference","E31 Document","PRG-156"
"ref-prg-157-0-edition-cyrille-vogel-and-reinhard-elze-le-pontifical-romano-germanique-du-dixie","Edition: Cyrille Vogel and Reinhard Elze, Le pontifical romano-germanique du dixieme siecle, Studi e testi 226-227-269, vols. 1-3, Vatican City, 1963-1972.","edition_reference","E31 Document","PRG-157"
"ref-prg-158-0-edition-cyrille-vogel-and-reinhard-elze-le-pontifical-romano-germanique-du-dixie","Edition: Cyrille Vogel and Reinhard Elze, Le pontifical romano-germanique du dixieme siecle, Studi e testi 226-227-269, vols. 1-3, Vatican City, 1963-1972.","edition_reference","E31 Document","PRG-158"
"ref-prg-159-0-edition-cyrille-vogel-and-reinhard-elze-le-pontifical-romano-germanique-du-dixie","Edition: Cyrille Vogel and Reinhard Elze, Le pontifical romano-germanique du dixieme siecle, Studi e testi 226-227-269, vols. 1-3, Vatican City, 1963-1972.","edition_reference","E31 Document","PRG-159"
"ref-prg-160-0-edition-cyrille-vogel-and-reinhard-elze-le-pontifical-romano-germanique-du-dixie","Edition: Cyrille Vogel and Reinhard Elze, Le pontifical romano-germanique du dixieme siecle, Studi e testi 226-227-269, vols. 1-3, Vatican City, 1963-1972.","edition_reference","E31 Document","PRG-160"
"ref-prg-161-0-edition-cyrille-vogel-and-reinhard-elze-le-pontifical-romano-germanique-du-dixie","Edition: Cyrille Vogel and Reinhard Elze, Le pontifical romano-germanique du dixieme siecle, Studi e testi 226-227-269, vols. 1-3, Vatican City, 1963-1972.","edition_reference","E31 Document","PRG-161"
"ref-prg-162-0-edition-cyrille-vogel-and-reinhard-elze-le-pontifical-romano-germanique-du-dixie","Edition: Cyrille Vogel and Reinhard Elze, Le pontifical romano-germanique du dixieme siecle, Studi e testi 226-227-269, vols. 1-3, Vatican City, 1963-1972.","edition_reference","E31 Document","PRG-162"
"ref-prg-163-0-edition-cyrille-vogel-and-reinhard-elze-le-pontifical-romano-germanique-du-dixie","Edition: Cyrille Vogel and Reinhard Elze, Le pontifical romano-germanique du dixieme siecle, Studi e testi 226-227-269, vols. 1-3, Vatican City, 1963-1972.","edition_reference","E31 Document","PRG-163"
"ref-prg-164-0-edition-cyrille-vogel-and-reinhard-elze-le-pontifical-romano-germanique-du-dixie","Edition: Cyrille Vogel and Reinhard Elze, Le pontifical romano-germanique du dixieme siecle, Studi e testi 226-227-269, vols. 1-3, Vatican City, 1963-1972.","edition_reference","E31 Document","PRG-164"
"ref-prg-165-0-edition-cyrille-vogel-and-reinhard-elze-le-pontifical-romano-germanique-du-dixie","Edition: Cyrille Vogel and Reinhard Elze, Le pontifical romano-germanique du dixieme siecle, Studi e testi 226-227-269, vols. 1-3, Vatican City, 1963-1972.","edition_reference","E31 Document","PRG-165"
"ref-prg-166-0-edition-cyrille-vogel-and-reinhard-elze-le-pontifical-romano-germanique-du-dixie","Edition: Cyrille Vogel and Reinhard Elze, Le pontifical romano-germanique du dixieme siecle, Studi e testi 226-227-269, vols. 1-3, Vatican City, 1963-1972.","edition_reference","E31 Document","PRG-166"
"ref-prg-167-0-edition-cyrille-vogel-and-reinhard-elze-le-pontifical-romano-germanique-du-dixie","Edition: Cyrille Vogel and Reinhard Elze, Le pontifical romano-germanique du dixieme siecle, Studi e testi 226-227-269, vols. 1-3, Vatican City, 1963-1972.","edition_reference","E31 Document","PRG-167"
"ref-prg-168-0-edition-cyrille-vogel-and-reinhard-elze-le-pontifical-romano-germanique-du-dixie","Edition: Cyrille Vogel and Reinhard Elze, Le pontifical romano-germanique du dixieme siecle, Studi e testi 226-227-269, vols. 1-3, Vatican City, 1963-1972.","edition_reference","E31 Document","PRG-168"
"ref-prg-169-0-edition-cyrille-vogel-and-reinhard-elze-le-pontifical-romano-germanique-du-dixie","Edition: Cyrille Vogel and Reinhard Elze, Le pontifical romano-germanique du dixieme siecle, Studi e testi 226-227-269, vols. 1-3, Vatican City, 1963-1972.","edition_reference","E31 Document","PRG-169"
"ref-prg-170-0-edition-cyrille-vogel-and-reinhard-elze-le-pontifical-romano-germanique-du-dixie","Edition: Cyrille Vogel and Reinhard Elze, Le pontifical romano-germanique du dixieme siecle, Studi e testi 226-227-269, vols. 1-3, Vatican City, 1963-1972.","edition_reference","E31 Document","PRG-170"
"ref-prg-171-0-edition-cyrille-vogel-and-reinhard-elze-le-pontifical-romano-germanique-du-dixie","Edition: Cyrille Vogel and Reinhard Elze, Le pontifical romano-germanique du dixieme siecle, Studi e testi 226-227-269, vols. 1-3, Vatican City, 1963-1972.","edition_reference","E31 Document","PRG-171"
"ref-prg-172-0-edition-cyrille-vogel-and-reinhard-elze-le-pontifical-romano-germanique-du-dixie","Edition: Cyrille Vogel and Reinhard Elze, Le pontifical romano-germanique du dixieme siecle, Studi e testi 226-227-269, vols. 1-3, Vatican City, 1963-1972.","edition_reference","E31 Document","PRG-172"
"ref-prg-174-0-edition-cyrille-vogel-and-reinhard-elze-le-pontifical-romano-germanique-du-dixie","Edition: Cyrille Vogel and Reinhard Elze, Le pontifical romano-germanique du dixieme siecle, Studi e testi 226-227-269, vols. 1-3, Vatican City, 1963-1972.","edition_reference","E31 Document","PRG-174"
"ref-prg-175-0-edition-cyrille-vogel-and-reinhard-elze-le-pontifical-romano-germanique-du-dixie","Edition: Cyrille Vogel and Reinhard Elze, Le pontifical romano-germanique du dixieme siecle, Studi e testi 226-227-269, vols. 1-3, Vatican City, 1963-1972.","edition_reference","E31 Document","PRG-175"
"ref-prg-176-0-edition-cyrille-vogel-and-reinhard-elze-le-pontifical-romano-germanique-du-dixie","Edition: Cyrille Vogel and Reinhard Elze, Le pontifical romano-germanique du dixieme siecle, Studi e testi 226-227-269, vols. 1-3, Vatican City, 1963-1972.","edition_reference","E31 Document","PRG-176"
"ref-prg-177-0-edition-cyrille-vogel-and-reinhard-elze-le-pontifical-romano-germanique-du-dixie","Edition: Cyrille Vogel and Reinhard Elze, Le pontifical romano-germanique du dixieme siecle, Studi e testi 226-227-269, vols. 1-3, Vatican City, 1963-1972.","edition_reference","E31 Document","PRG-177"
"ref-prg-178-0-edition-cyrille-vogel-and-reinhard-elze-le-pontifical-romano-germanique-du-dixie","Edition: Cyrille Vogel and Reinhard Elze, Le pontifical romano-germanique du dixieme siecle, Studi e testi 226-227-269, vols. 1-3, Vatican City, 1963-1972.","edition_reference","E31 Document","PRG-178"
"ref-prg-179-0-edition-cyrille-vogel-and-reinhard-elze-le-pontifical-romano-germanique-du-dixie","Edition: Cyrille Vogel and Reinhard Elze, Le pontifical romano-germanique du dixieme siecle, Studi e testi 226-227-269, vols. 1-3, Vatican City, 1963-1972.","edition_reference","E31 Document","PRG-179"
"ref-prg-180-0-edition-cyrille-vogel-and-reinhard-elze-le-pontifical-romano-germanique-du-dixie","Edition: Cyrille Vogel and Reinhard Elze, Le pontifical romano-germanique du dixieme siecle, Studi e testi 226-227-269, vols. 1-3, Vatican City, 1963-1972.","edition_reference","E31 Document","PRG-180"
"ref-prg-181-0-edition-cyrille-vogel-and-reinhard-elze-le-pontifical-romano-germanique-du-dixie","Edition: Cyrille Vogel and Reinhard Elze, Le pontifical romano-germanique du dixieme siecle, Studi e testi 226-227-269, vols. 1-3, Vatican City, 1963-1972.","edition_reference","E31 Document","PRG-181"
"ref-prg-182-0-edition-cyrille-vogel-and-reinhard-elze-le-pontifical-romano-germanique-du-dixie","Edition: Cyrille Vogel and Reinhard Elze, Le pontifical romano-germanique du dixieme siecle, Studi e testi 226-227-269, vols. 1-3, Vatican City, 1963-1972.","edition_reference","E31 Document","PRG-182"
"ref-prg-183-0-edition-cyrille-vogel-and-reinhard-elze-le-pontifical-romano-germanique-du-dixie","Edition: Cyrille Vogel and Reinhard Elze, Le pontifical romano-germanique du dixieme siecle, Studi e testi 226-227-269, vols. 1-3, Vatican City, 1963-1972.","edition_reference","E31 Document","PRG-183"
"ref-prg-184-0-edition-cyrille-vogel-and-reinhard-elze-le-pontifical-romano-germanique-du-dixie","Edition: Cyrille Vogel and Reinhard Elze, Le pontifical romano-germanique du dixieme siecle, Studi e testi 226-227-269, vols. 1-3, Vatican City, 1963-1972.","edition_reference","E31 Document","PRG-184"
"ref-prg-185-0-edition-cyrille-vogel-and-reinhard-elze-le-pontifical-romano-germanique-du-dixie","Edition: Cyrille Vogel and Reinhard Elze, Le pontifical romano-germanique du dixieme siecle, Studi e testi 226-227-269, vols. 1-3, Vatican City, 1963-1972.","edition_reference","E31 Document","PRG-185"
"ref-prg-187-0-edition-cyrille-vogel-and-reinhard-elze-le-pontifical-romano-germanique-du-dixie","Edition: Cyrille Vogel and Reinhard Elze, Le pontifical romano-germanique du dixieme siecle, Studi e testi 226-227-269, vols. 1-3, Vatican City, 1963-1972.","edition_reference","E31 Document","PRG-187"
"ref-prg-188-0-edition-cyrille-vogel-and-reinhard-elze-le-pontifical-romano-germanique-du-dixie","Edition: Cyrille Vogel and Reinhard Elze, Le pontifical romano-germanique du dixieme siecle, Studi e testi 226-227-269, vols. 1-3, Vatican City, 1963-1972.","edition_reference","E31 Document","PRG-188"
"ref-prg-189-0-edition-cyrille-vogel-and-reinhard-elze-le-pontifical-romano-germanique-du-dixie","Edition: Cyrille Vogel and Reinhard Elze, Le pontifical romano-germanique du dixieme siecle, Studi e testi 226-227-269, vols. 1-3, Vatican City, 1963-1972.","edition_reference","E31 Document","PRG-189"
"ref-prg-190-0-edition-cyrille-vogel-and-reinhard-elze-le-pontifical-romano-germanique-du-dixie","Edition: Cyrille Vogel and Reinhard Elze, Le pontifical romano-germanique du dixieme siecle, Studi e testi 226-227-269, vols. 1-3, Vatican City, 1963-1972.","edition_reference","E31 Document","PRG-190"
"ref-prg-191-0-edition-cyrille-vogel-and-reinhard-elze-le-pontifical-romano-germanique-du-dixie","Edition: Cyrille Vogel and Reinhard Elze, Le pontifical romano-germanique du dixieme siecle, Studi e testi 226-227-269, vols. 1-3, Vatican City, 1963-1972.","edition_reference","E31 Document","PRG-191"
"ref-prg-192-0-edition-cyrille-vogel-and-reinhard-elze-le-pontifical-romano-germanique-du-dixie","Edition: Cyrille Vogel and Reinhard Elze, Le pontifical romano-germanique du dixieme siecle, Studi e testi 226-227-269, vols. 1-3, Vatican City, 1963-1972.","edition_reference","E31 Document","PRG-192"
"ref-prg-193-0-edition-cyrille-vogel-and-reinhard-elze-le-pontifical-romano-germanique-du-dixie","Edition: Cyrille Vogel and Reinhard Elze, Le pontifical romano-germanique du dixieme siecle, Studi e testi 226-227-269, vols. 1-3, Vatican City, 1963-1972.","edition_reference","E31 Document","PRG-193"
"ref-prg-195-0-edition-cyrille-vogel-and-reinhard-elze-le-pontifical-romano-germanique-du-dixie","Edition: Cyrille Vogel and Reinhard Elze, Le pontifical romano-germanique du dixieme siecle, Studi e testi 226-227-269, vols. 1-3, Vatican City, 1963-1972.","edition_reference","E31 Document","PRG-195"
"ref-prg-196-0-edition-cyrille-vogel-and-reinhard-elze-le-pontifical-romano-germanique-du-dixie","Edition: Cyrille Vogel and Reinhard Elze, Le pontifical romano-germanique du dixieme siecle, Studi e testi 226-227-269, vols. 1-3, Vatican City, 1963-1972.","edition_reference","E31 Document","PRG-196"
"ref-prg-197-0-edition-cyrille-vogel-and-reinhard-elze-le-pontifical-romano-germanique-du-dixie","Edition: Cyrille Vogel and Reinhard Elze, Le pontifical romano-germanique du dixieme siecle, Studi e testi 226-227-269, vols. 1-3, Vatican City, 1963-1972.","edition_reference","E31 Document","PRG-197"
"ref-prg-198-0-edition-cyrille-vogel-and-reinhard-elze-le-pontifical-romano-germanique-du-dixie","Edition: Cyrille Vogel and Reinhard Elze, Le pontifical romano-germanique du dixieme siecle, Studi e testi 226-227-269, vols. 1-3, Vatican City, 1963-1972.","edition_reference","E31 Document","PRG-198"
"ref-prg-199-0-edition-cyrille-vogel-and-reinhard-elze-le-pontifical-romano-germanique-du-dixie","Edition: Cyrille Vogel and Reinhard Elze, Le pontifical romano-germanique du dixieme siecle, Studi e testi 226-227-269, vols. 1-3, Vatican City, 1963-1972.","edition_reference","E31 Document","PRG-199"
"ref-prg-200-0-edition-cyrille-vogel-and-reinhard-elze-le-pontifical-romano-germanique-du-dixie","Edition: Cyrille Vogel and Reinhard Elze, Le pontifical romano-germanique du dixieme siecle, Studi e testi 226-227-269, vols. 1-3, Vatican City, 1963-1972.","edition_reference","E31 Document","PRG-200"
"ref-prg-201-0-edition-cyrille-vogel-and-reinhard-elze-le-pontifical-romano-germanique-du-dixie","Edition: Cyrille Vogel and Reinhard Elze, Le pontifical romano-germanique du dixieme siecle, Studi e testi 226-227-269, vols. 1-3, Vatican City, 1963-1972.","edition_reference","E31 Document","PRG-201"
"ref-prg-202-0-edition-cyrille-vogel-and-reinhard-elze-le-pontifical-romano-germanique-du-dixie","Edition: Cyrille Vogel and Reinhard Elze, Le pontifical romano-germanique du dixieme siecle, Studi e testi 226-227-269, vols. 1-3, Vatican City, 1963-1972.","edition_reference","E31 Document","PRG-202"
"ref-prg-203-0-edition-cyrille-vogel-and-reinhard-elze-le-pontifical-romano-germanique-du-dixie","Edition: Cyrille Vogel and Reinhard Elze, Le pontifical romano-germanique du dixieme siecle, Studi e testi 226-227-269, vols. 1-3, Vatican City, 1963-1972.","edition_reference","E31 Document","PRG-203"
"ref-prg-204-0-edition-cyrille-vogel-and-reinhard-elze-le-pontifical-romano-germanique-du-dixie","Edition: Cyrille Vogel and Reinhard Elze, Le pontifical romano-germanique du dixieme siecle, Studi e testi 226-227-269, vols. 1-3, Vatican City, 1963-1972.","edition_reference","E31 Document","PRG-204"
"ref-prg-205-0-edition-cyrille-vogel-and-reinhard-elze-le-pontifical-romano-germanique-du-dixie","Edition: Cyrille Vogel and Reinhard Elze, Le pontifical romano-germanique du dixieme siecle, Studi e testi 226-227-269, vols. 1-3, Vatican City, 1963-1972.","edition_reference","E31 Document","PRG-205"
"ref-prg-206-0-edition-cyrille-vogel-and-reinhard-elze-le-pontifical-romano-germanique-du-dixie","Edition: Cyrille Vogel and Reinhard Elze, Le pontifical romano-germanique du dixieme siecle, Studi e testi 226-227-269, vols. 1-3, Vatican City, 1963-1972.","edition_reference","E31 Document","PRG-206"
"ref-prg-207-0-edition-cyrille-vogel-and-reinhard-elze-le-pontifical-romano-germanique-du-dixie","Edition: Cyrille Vogel and Reinhard Elze, Le pontifical romano-germanique du dixieme siecle, Studi e testi 226-227-269, vols. 1-3, Vatican City, 1963-1972.","edition_reference","E31 Document","PRG-207"
"ref-prg-208-0-edition-cyrille-vogel-and-reinhard-elze-le-pontifical-romano-germanique-du-dixie","Edition: Cyrille Vogel and Reinhard Elze, Le pontifical romano-germanique du dixieme siecle, Studi e testi 226-227-269, vols. 1-3, Vatican City, 1963-1972.","edition_reference","E31 Document","PRG-208"
"ref-prg-209-0-edition-cyrille-vogel-and-reinhard-elze-le-pontifical-romano-germanique-du-dixie","Edition: Cyrille Vogel and Reinhard Elze, Le pontifical romano-germanique du dixieme siecle, Studi e testi 226-227-269, vols. 1-3, Vatican City, 1963-1972.","edition_reference","E31 Document","PRG-209"
"ref-prg-211-0-edition-cyrille-vogel-and-reinhard-elze-le-pontifical-romano-germanique-du-dixie","Edition: Cyrille Vogel and Reinhard Elze, Le pontifical romano-germanique du dixieme siecle, Studi e testi 226-227-269, vols. 1-3, Vatican City, 1963-1972.","edition_reference","E31 Document","PRG-211"
"ref-prg-212-0-edition-cyrille-vogel-and-reinhard-elze-le-pontifical-romano-germanique-du-dixie","Edition: Cyrille Vogel and Reinhard Elze, Le pontifical romano-germanique du dixieme siecle, Studi e testi 226-227-269, vols. 1-3, Vatican City, 1963-1972.","edition_reference","E31 Document","PRG-212"
"ref-prg-213-0-edition-cyrille-vogel-and-reinhard-elze-le-pontifical-romano-germanique-du-dixie","Edition: Cyrille Vogel and Reinhard Elze, Le pontifical romano-germanique du dixieme siecle, Studi e testi 226-227-269, vols. 1-3, Vatican City, 1963-1972.","edition_reference","E31 Document","PRG-213"
"ref-prg-215-0-edition-cyrille-vogel-and-reinhard-elze-le-pontifical-romano-germanique-du-dixie","Edition: Cyrille Vogel and Reinhard Elze, Le pontifical romano-germanique du dixieme siecle, Studi e testi 226-227-269, vols. 1-3, Vatican City, 1963-1972.","edition_reference","E31 Document","PRG-215"
"ref-prg-216-0-edition-cyrille-vogel-and-reinhard-elze-le-pontifical-romano-germanique-du-dixie","Edition: Cyrille Vogel and Reinhard Elze, Le pontifical romano-germanique du dixieme siecle, Studi e testi 226-227-269, vols. 1-3, Vatican City, 1963-1972.","edition_reference","E31 Document","PRG-216"
"ref-prg-217-0-edition-cyrille-vogel-and-reinhard-elze-le-pontifical-romano-germanique-du-dixie","Edition: Cyrille Vogel and Reinhard Elze, Le pontifical romano-germanique du dixieme siecle, Studi e testi 226-227-269, vols. 1-3, Vatican City, 1963-1972.","edition_reference","E31 Document","PRG-217"
"ref-prg-219-0-edition-cyrille-vogel-and-reinhard-elze-le-pontifical-romano-germanique-du-dixie","Edition: Cyrille Vogel and Reinhard Elze, Le pontifical romano-germanique du dixieme siecle, Studi e testi 226-227-269, vols. 1-3, Vatican City, 1963-1972.","edition_reference","E31 Document","PRG-219"
"ref-prg-220-0-edition-cyrille-vogel-and-reinhard-elze-le-pontifical-romano-germanique-du-dixie","Edition: Cyrille Vogel and Reinhard Elze, Le pontifical romano-germanique du dixieme siecle, Studi e testi 226-227-269, vols. 1-3, Vatican City, 1963-1972.","edition_reference","E31 Document","PRG-220"
"ref-prg-222-0-edition-cyrille-vogel-and-reinhard-elze-le-pontifical-romano-germanique-du-dixie","Edition: Cyrille Vogel and Reinhard Elze, Le pontifical romano-germanique du dixieme siecle, Studi e testi 226-227-269, vols. 1-3, Vatican City, 1963-1972.","edition_reference","E31 Document","PRG-222"
"ref-prg-223-0-edition-cyrille-vogel-and-reinhard-elze-le-pontifical-romano-germanique-du-dixie","Edition: Cyrille Vogel and Reinhard Elze, Le pontifical romano-germanique du dixieme siecle, Studi e testi 226-227-269, vols. 1-3, Vatican City, 1963-1972.","edition_reference","E31 Document","PRG-223"
"ref-prg-224-0-edition-cyrille-vogel-and-reinhard-elze-le-pontifical-romano-germanique-du-dixie","Edition: Cyrille Vogel and Reinhard Elze, Le pontifical romano-germanique du dixieme siecle, Studi e testi 226-227-269, vols. 1-3, Vatican City, 1963-1972.","edition_reference","E31 Document","PRG-224"
"ref-prg-225-0-edition-cyrille-vogel-and-reinhard-elze-le-pontifical-romano-germanique-du-dixie","Edition: Cyrille Vogel and Reinhard Elze, Le pontifical romano-germanique du dixieme siecle, Studi e testi 226-227-269, vols. 1-3, Vatican City, 1963-1972.","edition_reference","E31 Document","PRG-225"
"ref-prg-226-0-edition-cyrille-vogel-and-reinhard-elze-le-pontifical-romano-germanique-du-dixie","Edition: Cyrille Vogel and Reinhard Elze, Le pontifical romano-germanique du dixieme siecle, Studi e testi 226-227-269, vols. 1-3, Vatican City, 1963-1972.","edition_reference","E31 Document","PRG-226"
"ref-prg-227-0-edition-cyrille-vogel-and-reinhard-elze-le-pontifical-romano-germanique-du-dixie","Edition: Cyrille Vogel and Reinhard Elze, Le pontifical romano-germanique du dixieme siecle, Studi e testi 226-227-269, vols. 1-3, Vatican City, 1963-1972.","edition_reference","E31 Document","PRG-227"
"ref-prg-228-0-edition-cyrille-vogel-and-reinhard-elze-le-pontifical-romano-germanique-du-dixie","Edition: Cyrille Vogel and Reinhard Elze, Le pontifical romano-germanique du dixieme siecle, Studi e testi 226-227-269, vols. 1-3, Vatican City, 1963-1972.","edition_reference","E31 Document","PRG-228"
"ref-prg-229-0-edition-cyrille-vogel-and-reinhard-elze-le-pontifical-romano-germanique-du-dixie","Edition: Cyrille Vogel and Reinhard Elze, Le pontifical romano-germanique du dixieme siecle, Studi e testi 226-227-269, vols. 1-3, Vatican City, 1963-1972.","edition_reference","E31 Document","PRG-229"
"ref-prg-230-0-edition-cyrille-vogel-and-reinhard-elze-le-pontifical-romano-germanique-du-dixie","Edition: Cyrille Vogel and Reinhard Elze, Le pontifical romano-germanique du dixieme siecle, Studi e testi 226-227-269, vols. 1-3, Vatican City, 1963-1972.","edition_reference","E31 Document","PRG-230"
"ref-prg-231-0-edition-cyrille-vogel-and-reinhard-elze-le-pontifical-romano-germanique-du-dixie","Edition: Cyrille Vogel and Reinhard Elze, Le pontifical romano-germanique du dixieme siecle, Studi e testi 226-227-269, vols. 1-3, Vatican City, 1963-1972.","edition_reference","E31 Document","PRG-231"
"ref-prg-232-0-edition-cyrille-vogel-and-reinhard-elze-le-pontifical-romano-germanique-du-dixie","Edition: Cyrille Vogel and Reinhard Elze, Le pontifical romano-germanique du dixieme siecle, Studi e testi 226-227-269, vols. 1-3, Vatican City, 1963-1972.","edition_reference","E31 Document","PRG-232"
"ref-prg-233-0-edition-cyrille-vogel-and-reinhard-elze-le-pontifical-romano-germanique-du-dixie","Edition: Cyrille Vogel and Reinhard Elze, Le pontifical romano-germanique du dixieme siecle, Studi e testi 226-227-269, vols. 1-3, Vatican City, 1963-1972.","edition_reference","E31 Document","PRG-233"
"ref-prg-234-0-edition-cyrille-vogel-and-reinhard-elze-le-pontifical-romano-germanique-du-dixie","Edition: Cyrille Vogel and Reinhard Elze, Le pontifical romano-germanique du dixieme siecle, Studi e testi 226-227-269, vols. 1-3, Vatican City, 1963-1972.","edition_reference","E31 Document","PRG-234"
"ref-prg-235-0-edition-cyrille-vogel-and-reinhard-elze-le-pontifical-romano-germanique-du-dixie","Edition: Cyrille Vogel and Reinhard Elze, Le pontifical romano-germanique du dixieme siecle, Studi e testi 226-227-269, vols. 1-3, Vatican City, 1963-1972.","edition_reference","E31 Document","PRG-235"
"ref-prg-236-0-edition-cyrille-vogel-and-reinhard-elze-le-pontifical-romano-germanique-du-dixie","Edition: Cyrille Vogel and Reinhard Elze, Le pontifical romano-germanique du dixieme siecle, Studi e testi 226-227-269, vols. 1-3, Vatican City, 1963-1972.","edition_reference","E31 Document","PRG-236"
"ref-prg-237-0-edition-cyrille-vogel-and-reinhard-elze-le-pontifical-romano-germanique-du-dixie","Edition: Cyrille Vogel and Reinhard Elze, Le pontifical romano-germanique du dixieme siecle, Studi e testi 226-227-269, vols. 1-3, Vatican City, 1963-1972.","edition_reference","E31 Document","PRG-237"
"ref-prg-238-0-edition-cyrille-vogel-and-reinhard-elze-le-pontifical-romano-germanique-du-dixie","Edition: Cyrille Vogel and Reinhard Elze, Le pontifical romano-germanique du dixieme siecle, Studi e testi 226-227-269, vols. 1-3, Vatican City, 1963-1972.","edition_reference","E31 Document","PRG-238"
"ref-prg-239-0-edition-cyrille-vogel-and-reinhard-elze-le-pontifical-romano-germanique-du-dixie","Edition: Cyrille Vogel and Reinhard Elze, Le pontifical romano-germanique du dixieme siecle, Studi e testi 226-227-269, vols. 1-3, Vatican City, 1963-1972.","edition_reference","E31 Document","PRG-239"
"ref-prg-241-0-edition-cyrille-vogel-and-reinhard-elze-le-pontifical-romano-germanique-du-dixie","Edition: Cyrille Vogel and Reinhard Elze, Le pontifical romano-germanique du dixieme siecle, Studi e testi 226-227-269, vols. 1-3, Vatican City, 1963-1972.","edition_reference","E31 Document","PRG-241"
"ref-prg-242-0-edition-cyrille-vogel-and-reinhard-elze-le-pontifical-romano-germanique-du-dixie","Edition: Cyrille Vogel and Reinhard Elze, Le pontifical romano-germanique du dixieme siecle, Studi e testi 226-227-269, vols. 1-3, Vatican City, 1963-1972.","edition_reference","E31 Document","PRG-242"
"ref-prg-243-0-edition-cyrille-vogel-and-reinhard-elze-le-pontifical-romano-germanique-du-dixie","Edition: Cyrille Vogel and Reinhard Elze, Le pontifical romano-germanique du dixieme siecle, Studi e testi 226-227-269, vols. 1-3, Vatican City, 1963-1972.","edition_reference","E31 Document","PRG-243"
"ref-prg-244-0-edition-cyrille-vogel-and-reinhard-elze-le-pontifical-romano-germanique-du-dixie","Edition: Cyrille Vogel and Reinhard Elze, Le pontifical romano-germanique du dixieme siecle, Studi e testi 226-227-269, vols. 1-3, Vatican City, 1963-1972.","edition_reference","E31 Document","PRG-244"
"ref-prg-245-0-edition-cyrille-vogel-and-reinhard-elze-le-pontifical-romano-germanique-du-dixie","Edition: Cyrille Vogel and Reinhard Elze, Le pontifical romano-germanique du dixieme siecle, Studi e testi 226-227-269, vols. 1-3, Vatican City, 1963-1972.","edition_reference","E31 Document","PRG-245"
"ref-prg-246-0-edition-cyrille-vogel-and-reinhard-elze-le-pontifical-romano-germanique-du-dixie","Edition: Cyrille Vogel and Reinhard Elze, Le pontifical romano-germanique du dixieme siecle, Studi e testi 226-227-269, vols. 1-3, Vatican City, 1963-1972.","edition_reference","E31 Document","PRG-246"
"ref-prg-247-0-edition-cyrille-vogel-and-reinhard-elze-le-pontifical-romano-germanique-du-dixie","Edition: Cyrille Vogel and Reinhard Elze, Le pontifical romano-germanique du dixieme siecle, Studi e testi 226-227-269, vols. 1-3, Vatican City, 1963-1972.","edition_reference","E31 Document","PRG-247"
"ref-prg-248-0-edition-cyrille-vogel-and-reinhard-elze-le-pontifical-romano-germanique-du-dixie","Edition: Cyrille Vogel and Reinhard Elze, Le pontifical romano-germanique du dixieme siecle, Studi e testi 226-227-269, vols. 1-3, Vatican City, 1963-1972.","edition_reference","E31 Document","PRG-248"
"ref-prg-249-0-edition-cyrille-vogel-and-reinhard-elze-le-pontifical-romano-germanique-du-dixie","Edition: Cyrille Vogel and Reinhard Elze, Le pontifical romano-germanique du dixieme siecle, Studi e testi 226-227-269, vols. 1-3, Vatican City, 1963-1972.","edition_reference","E31 Document","PRG-249"
"ref-prg-250-0-edition-cyrille-vogel-and-reinhard-elze-le-pontifical-romano-germanique-du-dixie","Edition: Cyrille Vogel and Reinhard Elze, Le pontifical romano-germanique du dixieme siecle, Studi e testi 226-227-269, vols. 1-3, Vatican City, 1963-1972.","edition_reference","E31 Document","PRG-250"
"ref-prg-251-0-edition-cyrille-vogel-and-reinhard-elze-le-pontifical-romano-germanique-du-dixie","Edition: Cyrille Vogel and Reinhard Elze, Le pontifical romano-germanique du dixieme siecle, Studi e testi 226-227-269, vols. 1-3, Vatican City, 1963-1972.","edition_reference","E31 Document","PRG-251"
"ref-prg-253-0-edition-cyrille-vogel-and-reinhard-elze-le-pontifical-romano-germanique-du-dixie","Edition: Cyrille Vogel and Reinhard Elze, Le pontifical romano-germanique du dixieme siecle, Studi e testi 226-227-269, vols. 1-3, Vatican City, 1963-1972.","edition_reference","E31 Document","PRG-253"
"ref-prg-254-0-edition-cyrille-vogel-and-reinhard-elze-le-pontifical-romano-germanique-du-dixie","Edition: Cyrille Vogel and Reinhard Elze, Le pontifical romano-germanique du dixieme siecle, Studi e testi 226-227-269, vols. 1-3, Vatican City, 1963-1972.","edition_reference","E31 Document","PRG-254"
"ref-prg-255-0-edition-cyrille-vogel-and-reinhard-elze-le-pontifical-romano-germanique-du-dixie","Edition: Cyrille Vogel and Reinhard Elze, Le pontifical romano-germanique du dixieme siecle, Studi e testi 226-227-269, vols. 1-3, Vatican City, 1963-1972.","edition_reference","E31 Document","PRG-255"
"ref-prg-256-0-edition-cyrille-vogel-and-reinhard-elze-le-pontifical-romano-germanique-du-dixie","Edition: Cyrille Vogel and Reinhard Elze, Le pontifical romano-germanique du dixieme siecle, Studi e testi 226-227-269, vols. 1-3, Vatican City, 1963-1972.","edition_reference","E31 Document","PRG-256"
"ref-prg-257-0-edition-cyrille-vogel-and-reinhard-elze-le-pontifical-romano-germanique-du-dixie","Edition: Cyrille Vogel and Reinhard Elze, Le pontifical romano-germanique du dixieme siecle, Studi e testi 226-227-269, vols. 1-3, Vatican City, 1963-1972.","edition_reference","E31 Document","PRG-257"
"ref-prg-258-0-edition-cyrille-vogel-and-reinhard-elze-le-pontifical-romano-germanique-du-dixie","Edition: Cyrille Vogel and Reinhard Elze, Le pontifical romano-germanique du dixieme siecle, Studi e testi 226-227-269, vols. 1-3, Vatican City, 1963-1972.","edition_reference","E31 Document","PRG-258"
"ref-prg-app-hittorp-0-edition-cyrille-vogel-and-reinhard-elze-le-pontifical-romano-germanique-","Edition: Cyrille Vogel and Reinhard Elze, Le pontifical romano-germanique du dixieme siecle, Studi e testi 226-227-269, vols. 1-3, Vatican City, 1963-1972.","edition_reference","E31 Document","PRG-APP-HITTORP"
